link,endereco,bairro,descricao,preco,avaliacao,desconto,modalidade,foto,cidade,estado
10003939,"Rua Carteiro Enock Cortes, N. 41",JABOTIANA,"Casa, 324.66 de área total, 324.66 de área privativa, 208.00 de área do terreno, varanda, a.serv, 4 suite(s), WC, WC Emp, 3 sala(s), cozinha, 1 vaga(s) de garagem.",361398.6,498000.0,27.43,Venda Direta Online,Ver foto,ARACAJU,SE
10005546,"Rua Péricles Muniz Barreto, Atual nº 210/218",SALGADO FILHO,"Terreno, 425.70 de área total, 425.70 de área privativa, 575.00 de área do terreno, WC, 7 sala(s), cozinha.",740214.0,1020000.0,27.43,Venda Direta Online,Ver foto,ARACAJU,SE
10006430,"RUA D, N. 38",LAMARAO,"Casa, 439.38 de área total, 439.38 de área privativa, 240.00 de área do terreno, 4 qto(s), a.serv, WC, 4 sala(s), cozinha, 3 vaga(s) de garagem.",172716.6,238000.0,27.43,Venda Direta Online,Ver foto,ARACAJU,SE
10006592,"JOAO JOSE DE SANTANA, LOTE 05, QUADRA E",ZONA DE EXPANSAO (ROBALO),"Terreno, 1800.00 de área total, 0.00 de área privativa, 1800.00 de área do terreno.",152397.0,210000.0,27.43,Venda Direta Online,Ver foto,ARACAJU,SE
10006611,"FRANCOIS HOALD, N. 655, Apto 301, APTO 301 ED BURLE MARX",ATALAIA,"Apartamento, 185.14 de área total, 127.16 de área privativa, 0.00 de área do terreno, 2 qto(s), varanda, a.serv, 1 suite(s), WC, WC Emp, 1 sala(s), DCE, cozinha, 1 vaga(s) de garagem.",268509.0,370000.0,27.43,Venda Direta Online,Ver foto,ARACAJU,SE
10007631,"RUA ANTONIO DORIA DA SILVA, N. 72, QD 26",JABOTIANA,"Casa, 299.40 de área total, 299.40 de área privativa, 208.00 de área do terreno, 3 qto(s), a.serv, 1 suite(s), 3 sala(s), cozinha, Terraco, 1 vaga(s) de garagem.",261252.0,360000.0,27.43,Venda Direta Online,Ver foto,ARACAJU,SE
10007959,Rua 01 Quadra C Lote 21 Alto da Getimana,CIDADE NOVA,"Terreno, 0.00 de área total, 0.00 de área privativa, 200.00 de área do terreno.",45719.1,63000.0,27.43,Venda Direta Online,,ARACAJU,SE
10007962,"AV BARÃO DE MARUIM, N. 277, Apto 401, ED ROYAL PALACE",SAO JOSE,"Apartamento, 473.82 de área total, 427.92 de área privativa, 0.00 de área do terreno, a.serv, 4 suite(s), WC Emp, 3 sala(s), 1 lavabo(s), sacada, cozinha, 2 vaga(s) de garagem.",761985.0,1050000.0,27.43,Venda Direta Online,Ver foto,ARACAJU,SE
10137953,"RUA ALBERTO AZEVEDO, N. 79, COMPLEXO PEREIRA LOBO",SUISSA,"Comercial, 0.00 de área total, 0.00 de área privativa, 1800.00 de área do terreno.",3840000.0,4800000.0,20.0,Venda Direta Especial,,ARACAJU,SE
1444400535907,"Rua José de Melo, N. 86",CIDADE NOVA,"Casa, 160.26 de área total, 160.26 de área privativa, 0.00 de área do terreno, 5 qto(s), a.serv, WC, 3 sala(s), cozinha.",77520.0,120000.0,35.4,Venda Direta Online,Ver foto,ARACAJU,SE
1444401550772,"Rua Porto Alegre, N. 726",SIQUEIRA CAMPOS,"Casa, 132.51 de área total, 132.51 de área privativa, 175.00 de área do terreno, 2 qto(s), varanda, a.serv, 1 suite(s), WC, 1 sala(s), cozinha, 1 vaga(s) de garagem.",129200.01,200000.0,35.4,Venda Direta Online,Ver foto,ARACAJU,SE
1444402418363,"Rua B-1 Quadra U Lote 15, III Etapa",ATALAIA,"Terreno, 270.00 de área total, 270.00 de área privativa, 270.00 de área do terreno.",61370.0,95000.0,35.4,Venda Direta Online,Ver foto,ARACAJU,SE
1444405455871,Av Um Quadra F Lote 02,ZONA DE EXPANSAO (ROBALO),"Terreno, 0.00 de área total, 0.00 de área privativa, 1900.00 de área do terreno.",226800.0,504000.0,55.0,Venda Direta Online,Ver foto,ARACAJU,SE
1444405760410,"Rua E, N. 34",AMERICA,"Casa, 143.89 de área total, 143.89 de área privativa, 182.07 de área do terreno.",129846.0,201000.0,35.4,Venda Direta Online,Ver foto,ARACAJU,SE
1444405972965,"Av Pres Juscelino Kubitscheck s/n Rua C, N. 58, Apto 303, Ed Rio Jequiriça, Bloco 11",SANTOS DUMONT,"Apartamento, 51.27 de área total, 45.78 de área privativa, 0.00 de área do terreno, 2 qto(s), a.serv, WC, 1 sala(s), cozinha.",71045.65,96293.91,26.22,Venda Direta Online,Ver foto,ARACAJU,SE
1444406069088,"Rua Acre, N. 36, Trecho entre Rua Alagoas e Av São Paul",SIQUEIRA CAMPOS,"Casa, 125.28 de área total, 98.28 de área privativa, 144.00 de área do terreno, 1 qto(s), varanda, a.serv, 1 suite(s), WC, 1 sala(s), cozinha.",139414.59,215812.06,35.41,Venda Direta Online,Ver foto,ARACAJU,SE
1444406752691,"Rua D Quadra A Lotes 1 2 e 3, N. S/N",,"Terreno, 0.00 de área total, 0.00 de área privativa, 750.00 de área do terreno.",85424.39,110049.15,22.38,Venda Direta Online,Ver foto,ARACAJU,SE
1444406777678,"Av A, N. 587, Atual Av General Euclides Figueiredo",PORTO D'ANTAS,"Terreno, 0.00 de área total, 0.00 de área privativa, 180.00 de área do terreno.",93024.01,144000.0,35.4,Venda Direta Online,,ARACAJU,SE
1444406782744,"RUA EQUADOR, N. 79, Atual Rua Mãe Naná",AMERICA,"Casa, 151.02 de área total, 151.02 de área privativa, 166.92 de área do terreno, 3 qto(s), varanda, a.serv, WC, 2 sala(s), cozinha, 1 vaga(s) de garagem.",157101.17,243190.67,35.41,Venda Direta Online,Ver foto,ARACAJU,SE
1444406977138,"Rua Cesario de gois Pessoa, N. 15, Coj Médici I",LUZIA,"Casa, 131.94 de área total, 131.94 de área privativa, 180.00 de área do terreno, 2 qto(s), a.serv, 1 suite(s), WC, 2 sala(s), cozinha, 1 vaga(s) de garagem.",213180.0,330000.0,35.4,Venda Direta Online,Ver foto,ARACAJU,SE
1444407865392,"Rua Matapoa, N. S/N",ZONA DE EXPANSAO (MOSQUEIRO),"Terreno, 1549.50 de área total, 1549.50 de área privativa, 1549.50 de área do terreno.",180880.01,280000.0,35.4,Venda Direta Online,Ver foto,ARACAJU,SE
1555520915598,Rua C Quadra 2 Lote 12. Km 17 da Estrada Real,ZONA DE EXPANSAO (MOSQUEIRO),"Terreno, 0.00 de área total, 0.00 de área privativa, 400.00 de área do terreno.",40791.48,64200.0,36.47,Venda Direta Online,,ARACAJU,SE
17655,"Rua Sargento Brasiliano, N. 905",SANTOS DUMONT,"Outros, 610.00 de área total, 610.00 de área privativa, 2186.96 de área do terreno.",900000.0,2000000.0,55.0,Venda Direta Online,Ver foto,ARACAJU,SE
8444403242410,"R JOSE COUTINHO, N. 216",PALESTINA,"Casa, 64.20 de área total, 64.20 de área privativa, 88.20 de área do terreno, 2 qto(s), a.serv, WC, 1 sala(s), cozinha.",86884.2,153316.02,43.33,Venda Direta Online,Ver foto,ARACAJU,SE
1555507658064,"Av Antônio Francisco Nascimento, N. 287, Esquina com a Rua da Penha",CENTRO,"Casa, 122.56 de área total, 122.56 de área privativa, 350.00 de área do terreno, 2 qto(s), varanda, a.serv, 1 suite(s), WC, 1 sala(s), cozinha, 1 vaga(s) de garagem.",81906.16,122900.0,33.36,Venda Direta Online,Ver foto,ARAUA,SE
10005690,"Rod Construtor João Alves Filho, N. 1055, Apto 303, Bloco 8",CENTRO,"Apartamento, 61.18 de área total, 61.18 de área privativa, 0.00 de área do terreno, 3 qto(s), varanda, a.serv, WC, 1 sala(s), cozinha, 1 vaga(s) de garagem.",101598.0,140000.0,27.43,Venda Direta Online,,BARRA DOS COQUEIROS,SE
8444406078905,"Rua A - Cicero Amorim Lote 06, N. 42, TV FELICIANO EMIDIO DOS SANTOS",CENTRO,"Casa, 69.54 de área total, 69.54 de área privativa, 152.80 de área do terreno, 2 qto(s), 1 suite(s), WC, 1 sala(s), cozinha.",49748.68,87786.6,43.33,Venda Direta Online,,BOQUIM,SE
8444406611140,"Rua A Qd D Lt 14, ATUAL RUA JOÃO LUIZ DE SOUZA",CENTRO,"Casa, 60.90 de área total, 60.90 de área privativa, 251.00 de área do terreno, 3 qto(s), varanda, a.serv, WC, 1 sala(s), cozinha.",43173.77,76184.52,43.33,Venda Direta Online,Ver foto,BOQUIM,SE
8444407196634,"Rua Projetada B Quadra D Lote 06, N. 0",CENTRO,"Casa, 64.37 de área total, 64.37 de área privativa, 185.13 de área do terreno, 2 qto(s), a.serv, WC, 2 sala(s), cozinha.",42502.51,75000.0,43.33,Venda Direta Online,Ver foto,BOQUIM,SE
8444408878372,Rua Projetada B Qd B Lt 35,CENTRO,"Casa, 64.37 de área total, 64.37 de área privativa, 160.00 de área do terreno, 3 qto(s), a.serv, WC, 2 sala(s), cozinha.",28335.0,50000.0,43.33,Venda Direta Online,,BOQUIM,SE
10006656,"AV JOSEFA VIRGINIA DOS SANTOS, LOTE 13, QUADRA 02",CENTRO,"Terreno, 0.00 de área total, 0.00 de área privativa, 171.50 de área do terreno.",35196.45,48500.0,27.43,Venda Direta Online,,CAMPO DO BRITO,SE
8444403257515,"Rua Nosse Senhora Santana, N. 171",CENTRO,"Casa, 129.78 de área total, 129.78 de área privativa, 151.20 de área do terreno, 2 qto(s), a.serv, WC, 1 sala(s), cozinha.",53836.51,95000.0,43.33,Venda Direta Online,,CAMPO DO BRITO,SE
8444403823740,"Rua Nossa Senhora de Santana, N. 1115, Atual nº 305",CENTRO,"Casa, 104.46 de área total, 104.46 de área privativa, 176.25 de área do terreno, 3 qto(s), a.serv, WC, 2 sala(s), cozinha.",49132.9,86700.0,43.33,Venda Direta Online,Ver foto,CAMPO DO BRITO,SE
8444404947027,"Rua Leonildo Cupertino dos Santos, N. 56, Atual Rua Francisco Muniz de Souza",CENTRO,"Casa, 81.14 de área total, 81.14 de área privativa, 126.00 de área do terreno, 2 qto(s), a.serv, WC, 1 sala(s), cozinha, 1 vaga(s) de garagem.",49878.01,90000.0,44.58,Venda Direta Online,Ver foto,CAMPO DO BRITO,SE
8444405241900,"JOSE MEIRELES TELES, N. 264, Lote 03",CENTRO,"Casa, 96.20 de área total, 96.20 de área privativa, 150.00 de área do terreno, 3 qto(s), WC, 2 sala(s), cozinha, 1 vaga(s) de garagem.",48769.61,88000.0,44.58,Venda Direta Online,Ver foto,CAMPO DO BRITO,SE
8444405655615,"Rua Antonio Ferreira da Cruz, N. 236, Apto Bom, Jardim",CENTRO,"Casa, 104.01 de área total, 104.01 de área privativa, 126.32 de área do terreno, 3 qto(s), a.serv, WC, 2 sala(s), cozinha, 1 vaga(s) de garagem.",47319.46,83500.0,43.33,Venda Direta Online,Ver foto,CAMPO DO BRITO,SE
8444407405136,"Rua José Meireles Teles, N. 270, lote 04",CENTRO,"Casa, 94.44 de área total, 94.44 de área privativa, 150.00 de área do terreno, 2 qto(s), WC, 1 sala(s), cozinha, 1 vaga(s) de garagem.",46275.7,83500.0,44.58,Venda Direta Online,Ver foto,CAMPO DO BRITO,SE
8444412390982,"Rua José Meireles Teles, N. 321, Lote 02",CENTRO,"Casa, 73.48 de área total, 73.48 de área privativa, 130.43 de área do terreno, 2 qto(s), WC, 1 sala(s), cozinha, 1 vaga(s) de garagem.",47661.21,86000.0,44.58,Venda Direta Online,Ver foto,CAMPO DO BRITO,SE
8444413544061,"Rua Antonio Ferreira da Cruz, N. 795, LOTE 06",CENTRO,"Casa, 88.41 de área total, 88.41 de área privativa, 127.17 de área do terreno, 3 qto(s), a.serv, WC, 1 sala(s), cozinha, 1 vaga(s) de garagem.",41010.8,74000.0,44.58,Venda Direta Online,,CAMPO DO BRITO,SE
8444414856300,"R ANTONIO FERREIRA DA CRUZ, N. 00807, LOTE 08",CENTRO,"Casa, 69.84 de área total, 69.84 de área privativa, 132.00 de área do terreno, 2 qto(s), WC, 1 sala(s), cozinha, 1 vaga(s) de garagem.",41565.0,75000.0,44.58,Venda Direta Online,Ver foto,CAMPO DO BRITO,SE
8444415634424,"Rua Antonio Ferreira da Cruz Lote 09, N. 813",CENTRO,"Casa, 69.84 de área total, 69.84 de área privativa, 132.00 de área do terreno, 2 qto(s), WC, 1 sala(s), cozinha, 1 vaga(s) de garagem.",42673.41,77000.0,44.58,Venda Direta Online,,CAMPO DO BRITO,SE
1444400347043,"Av João Alves Filho, N. 276, Quadra F-19, Lote 02",CENTRO,"Casa, 134.58 de área total, 134.58 de área privativa, 180.00 de área do terreno, 3 qto(s), WC, 2 sala(s), cozinha, 1 vaga(s) de garagem.",81396.0,126000.0,35.4,Venda Direta Online,,CANINDE DE SAO FRANCISCO,SE
1555516736161,"Av Getúlio Vargas, N. 303-A, Qd G, Lt 16",CENTRO,"Casa, 131.76 de área total, 131.76 de área privativa, 173.29 de área do terreno, 4 qto(s), WC, 2 sala(s), cozinha.",67830.0,105000.0,35.4,Venda Direta Online,Ver foto,CANINDE DE SAO FRANCISCO,SE
1555520062030,"Av Antonio Carlos Valadares Quadra F Lote 13-C, N. 179",CENTRO,"Casa, 86.62 de área total, 86.62 de área privativa, 145.80 de área do terreno, 3 qto(s), a.serv, WC, 1 sala(s), cozinha.",55168.41,85400.0,35.4,Venda Direta Online,Ver foto,CANINDE DE SAO FRANCISCO,SE
1555520575240,Av Rita Graça Feitosa s/n Quadra B-18 Lote 1-A,CENTRO,"Casa, 63.60 de área total, 63.60 de área privativa, 31.80 de área do terreno, 2 qto(s), WC, 2 sala(s), cozinha.",42313.02,69420.0,39.05,Venda Direta Online,,CANINDE DE SAO FRANCISCO,SE
10006638,"Rua Projetada D, N. 184, QD 03 LT 61",CENTRO,"Casa, 71.58 de área total, 71.58 de área privativa, 120.00 de área do terreno, 2 qto(s), varanda, WC, 1 sala(s), cozinha.",52550.17,72500.0,27.52,Venda Direta Online,Ver foto,CAPELA,SE
1555521458670,"RUA F LT 16 QD C, N. S/N",CENTRO,"Casa, 118.30 de área total, 118.30 de área privativa, 160.00 de área do terreno, 2 qto(s), 1 suite(s), WC, 2 sala(s), cozinha, 1 vaga(s) de garagem.",67481.11,121500.0,44.46,Venda Direta Online,,CAPELA,SE
1555526788326,Rua Dr. Carlos Pereira Porto Lote 06,CENTRO,"Terreno, 0.00 de área total, 0.00 de área privativa, 131.72 de área do terreno.",13925.66,25500.0,45.39,Venda Direta Online,,CAPELA,SE
1555527427939,Rua Dr Carlos Pereira Porto Lote 07,CENTRO,"Terreno, 0.00 de área total, 0.00 de área privativa, 132.05 de área do terreno.",13711.43,25114.58,45.41,Venda Direta Online,,CAPELA,SE
1555527429184,Rua Dr Carlos Portom s/n Lote 08,CENTRO,"Terreno, 0.00 de área total, 0.00 de área privativa, 132.35 de área do terreno.",11537.91,21200.0,45.58,Venda Direta Online,,CAPELA,SE
17575,"Rua Projetada Quadra A Lote 18, N. S/N",CENTRO,"Terreno, 70.00 de área total, 70.00 de área privativa, 131.44 de área do terreno.",8200.0,82000.0,90.0,Venda Direta Online,,CAPELA,SE
17576,"Rua Projetada Quadra A Lote 19, N. S/N",CENTRO,"Terreno, 80.00 de área total, 80.00 de área privativa, 131.44 de área do terreno.",8100.0,81000.0,90.0,Venda Direta Online,,CAPELA,SE
17577,"Rua Projetada Quadra A Lote 20, N. S/N",CENTRO,"Casa, 70.00 de área total, 70.00 de área privativa, 131.44 de área do terreno, 3 qto(s), a.serv, WC, 1 sala(s), cozinha.",6200.0,62000.0,90.0,Venda Direta Online,,CAPELA,SE
17579,Rua Projetada Quadra B Lote 18,CENTRO,"Casa, 70.00 de área total, 70.00 de área privativa, 128.34 de área do terreno, 3 qto(s), a.serv, WC, 1 sala(s), cozinha.",7000.0,70000.0,90.0,Venda Direta Online,,CAPELA,SE
8444400505771,"R RUA VICINAL, N. 451",,"Casa, 67.43 de área total, 67.43 de área privativa, 0.00 de área do terreno, 2 qto(s), varanda, WC, 2 sala(s), cozinha, 1 edícula.",27024.01,40000.0,32.44,Venda Direta Online,,CAPELA,SE
8444400719011,"Rua B, N. 39",CENTRO,"Casa, 57.06 de área total, 57.06 de área privativa, 96.00 de área do terreno, 2 qto(s), WC, 1 sala(s), cozinha, 1 vaga(s) de garagem.",29412.17,53500.0,45.03,Venda Direta Online,,CAPELA,SE
8444400767890,"Rod Manoel Dantas, N. 1873",CENTRO,"Casa, 69.50 de área total, 69.50 de área privativa, 144.59 de área do terreno, 3 qto(s), WC, 1 sala(s), cozinha, 1 vaga(s) de garagem.",36676.84,66600.0,44.93,Venda Direta Online,,CAPELA,SE
8444400998522,"Rua da Jaqueira, N. 303",CENTRO,"Casa, 99.51 de área total, 69.69 de área privativa, 242.26 de área do terreno, 2 qto(s), 1 suite(s), WC, 1 sala(s), cozinha, 1 vaga(s) de garagem.",52094.81,94000.0,44.58,Venda Direta Online,Ver foto,CAPELA,SE
8444401217729,"R PROJETADA A LT 14 QD B, N. 45, Atual nº 242",CENTRO,"Casa, 47.25 de área total, 47.25 de área privativa, 49.00 de área do terreno, 2 qto(s), a.serv, WC, 1 sala(s), cozinha.",30481.01,55000.0,44.58,Venda Direta Online,Ver foto,CAPELA,SE
8444401481965,"Rua Projetada B Quadra E Lote 01, N. 05",CENTRO,"Casa, 69.90 de área total, 69.90 de área privativa, 90.00 de área do terreno, 2 qto(s), a.serv, WC, 1 sala(s), cozinha, 1 vaga(s) de garagem.",32143.61,58000.0,44.58,Venda Direta Online,,CAPELA,SE
8444401687482,"R PRINCIPAL, N. 008, BAIRRO: SOBRADINHO QD B Lt 8",CENTRO,"Casa, 58.65 de área total, 58.65 de área privativa, 84.00 de área do terreno, 2 qto(s), WC, 1 sala(s), cozinha, 1 vaga(s) de garagem.",34002.01,60000.0,43.33,Venda Direta Online,,CAPELA,SE
8444401715222,"Rua A, N. 263, Quadra 03",CENTRO,"Casa, 67.34 de área total, 42.34 de área privativa, 118.26 de área do terreno, 2 qto(s), varanda, WC, 1 sala(s), cozinha.",28541.31,51500.0,44.58,Venda Direta Online,Ver foto,CAPELA,SE
8444401839029,"Rua Principal, N. 10",CENTRO,"Casa, 58.65 de área total, 58.65 de área privativa, 84.00 de área do terreno, 2 qto(s), WC, 1 sala(s), cozinha, 1 vaga(s) de garagem.",29215.22,52716.0,44.58,Venda Direta Online,Ver foto,CAPELA,SE
8444401909418,"Rua Projetada, N. 15",CENTRO,"Casa, 62.66 de área total, 62.66 de área privativa, 65.00 de área do terreno, 2 qto(s), a.serv, WC, 1 sala(s), cozinha, 1 vaga(s) de garagem.",34914.61,63000.0,44.58,Venda Direta Online,,CAPELA,SE
8444402209002,"Rua Principal Quadra B, N. 03, Lote 03",CENTRO,"Casa, 58.65 de área total, 58.65 de área privativa, 84.00 de área do terreno, 1 qto(s), WC, 1 sala(s), cozinha.",38794.01,70000.0,44.58,Venda Direta Online,,CAPELA,SE
8444402359470,"Rua Projetada Quadra B Lote 14, N. 14",CENTRO,"Casa, 58.65 de área total, 58.65 de área privativa, 84.00 de área do terreno, 2 qto(s), WC, 1 sala(s), cozinha, 1 vaga(s) de garagem.",12400.0,62000.0,80.0,Venda Direta Online,Ver foto,CAPELA,SE
8444402378912,"Rua Projetada C Quadra C Lote 31, N. 108",CENTRO,"Casa, 50.65 de área total, 50.65 de área privativa, 75.00 de área do terreno, 2 qto(s), WC, 1 sala(s), cozinha, 1 vaga(s) de garagem.",2762.96,55259.18,95.0,Venda Online,Ver foto,CAPELA,SE
8444402517106,"Av Contorno, N. 37",CENTRO,"Casa, 69.46 de área total, 69.46 de área privativa, 123.23 de área do terreno, 2 qto(s), varanda, WC, 2 sala(s), cozinha, 1 vaga(s) de garagem.",51003.01,90000.0,43.33,Venda Direta Online,,CAPELA,SE
8444402613962,"Rua Principal do Bairro Sobradinho, N. 48",CENTRO,"Casa, 69.60 de área total, 69.60 de área privativa, 86.55 de área do terreno, 1 qto(s), WC, 1 sala(s), cozinha, 1 vaga(s) de garagem.",39902.41,72000.0,44.58,Venda Direta Online,,CAPELA,SE
8444402657170,"TRAVESSA DO VALENDRE, N. 123",CENTRO,"Casa, 107.10 de área total, 107.10 de área privativa, 126.00 de área do terreno.",47602.81,84000.0,43.33,Venda Direta Online,,CAPELA,SE
8444402670699,"Rua PROJETADA, N. 83, QD B Lote 11",CENTRO,"Casa, 56.00 de área total, 56.00 de área privativa, 80.50 de área do terreno, 1 qto(s), a.serv, WC, 1 sala(s), cozinha.",26712.45,48200.0,44.58,Venda Direta Online,,CAPELA,SE
8444402684363,"Rua Eduardo de Abreu Lima, N. 179, Quadra A, Lote 7",CENTRO,"Casa, 69.93 de área total, 69.93 de área privativa, 217.12 de área do terreno, 3 qto(s), WC, 1 sala(s), cozinha, 1 vaga(s) de garagem.",34914.61,63000.0,44.58,Venda Direta Online,,CAPELA,SE
8444402694040,"R FREI DAMIAO, N. 43, QD A/LT 02",,"Casa, 69.94 de área total, 69.94 de área privativa, 161.85 de área do terreno, 3 qto(s), a.serv, WC, 1 sala(s), cozinha, 1 vaga(s) de garagem.",41568.58,75006.45,44.58,Venda Direta Online,,CAPELA,SE
8444402850301,"TV MESTRE BENEDITO A, N. 29, Atual nº 29",CENTRO,"Casa, 53.42 de área total, 53.42 de área privativa, 58.82 de área do terreno, 2 qto(s), a.serv, WC, 1 sala(s), cozinha.",27600.39,49000.0,43.68,Venda Direta Online,Ver foto,CAPELA,SE
8444402861761,"Rua Frei Damião Quadra A Lote 05, N. 658, Bairro São José, Atual nº 658",CENTRO,"Casa, 69.94 de área total, 69.94 de área privativa, 172.25 de área do terreno, 3 qto(s), WC, 1 sala(s), cozinha, 1 vaga(s) de garagem.",46068.94,83126.91,44.58,Venda Direta Online,Ver foto,CAPELA,SE
8444402965419,"Rua B Quadra 03 Lote 05, N. 37",CENTRO,"Casa, 66.80 de área total, 66.80 de área privativa, 140.00 de área do terreno, 2 qto(s), WC, 1 sala(s), cozinha, 1 vaga(s) de garagem.",24107.71,43500.0,44.58,Venda Direta Online,Ver foto,CAPELA,SE
8444402966377,"Rua Eduardo Abreu Lima, N. 187, Quadra A, Lote 8",CENTRO,"Casa, 68.96 de área total, 68.96 de área privativa, 149.27 de área do terreno, 3 qto(s), varanda, WC, 1 sala(s), cozinha, 1 vaga(s) de garagem.",38738.59,69900.0,44.58,Venda Direta Online,Ver foto,CAPELA,SE
8444403067589,"R PROJETADA A ATUAL R FREI DAMIAO, N. 00125, Lote 14 Quadra A",,"Casa, 51.18 de área total, 51.18 de área privativa, 120.00 de área do terreno, 2 qto(s), a.serv, WC, 1 sala(s), cozinha.",32697.81,59000.0,44.58,Venda Direta Online,Ver foto,CAPELA,SE
8444403137498,"Rua Frei Damião Quadra A Lote 04, Bairro São José",CENTRO,"Casa, 69.94 de área total, 69.94 de área privativa, 195.00 de área do terreno, 3 qto(s), WC, 1 sala(s), cozinha, 1 vaga(s) de garagem.",38877.14,70150.0,44.58,Venda Direta Online,Ver foto,CAPELA,SE
8444403267634,"Rua da Caixa DÁgua Lote 2, N. 224, Bairro Nossa Sra da Conceição",CENTRO,"Casa, 66.00 de área total, 66.00 de área privativa, 126.08 de área do terreno, 2 qto(s), WC, 1 sala(s), cozinha, 1 vaga(s) de garagem.",39902.41,72000.0,44.58,Venda Online,,CAPELA,SE
8444403280991,"Rua Projetada D Quadra C Lote 05, N. 61",CENTRO,"Casa, 69.00 de área total, 69.00 de área privativa, 90.00 de área do terreno, 2 qto(s), WC, 1 sala(s), cozinha.",31864.21,55000.0,42.07,Venda Direta Online,Ver foto,CAPELA,SE
8444403281084,"Rua Projetada D, N. 67, QD C LT06",CENTRO,"Casa, 69.95 de área total, 69.95 de área privativa, 90.00 de área do terreno, 2 qto(s), a.serv, WC, 1 sala(s), cozinha, 1 vaga(s) de garagem.",47107.01,85000.0,44.58,Venda Direta Online,,CAPELA,SE
8444403414599,"Rua Projetada B Qd 03 Lt 36, N. 52",CENTRO,"Casa, 130.00 de área total, 69.55 de área privativa, 130.00 de área do terreno, 3 qto(s), varanda, WC, cozinha, 1 vaga(s) de garagem.",48537.35,88000.0,44.85,Venda Direta Online,Ver foto,CAPELA,SE
8444403526974,"Rua Projetada A Quadra A, N. 83, Atual N. 47",,"Casa, 60.00 de área total, 60.00 de área privativa, 120.00 de área do terreno, 2 qto(s), a.serv, WC, 1 sala(s), cozinha, 1 vaga(s) de garagem.",8400.0,56000.0,85.0,Venda Direta Online,Ver foto,CAPELA,SE
8444403532826,"Rua Manoel Moacir Melo, N. 264",CENTRO,"Casa, 71.50 de área total, 71.50 de área privativa, 143.00 de área do terreno, 2 qto(s), varanda, WC, 1 sala(s), cozinha.",40705.58,72240.0,43.66,Venda Direta Online,Ver foto,CAPELA,SE
8444403641668,"R EDUARDO DE ABREU LIMA, N. 195, QD ALOTEAMENTO CASTELINHO",CENTRO,"Terreno, 0.00 de área total, 0.00 de área privativa, 102.91 de área do terreno.",15130.9,26700.0,43.33,Venda Direta Online,,CAPELA,SE
8444403661022,Rua Projetada D Quadra B Lote 07,CENTRO,"Casa, 67.40 de área total, 63.80 de área privativa, 120.00 de área do terreno, 2 qto(s), WC, 2 sala(s), cozinha.",42270.93,75000.0,43.64,Venda Direta Online,Ver foto,CAPELA,SE
8444403674795,Rua Projetada D Quadra B Lote 9,CENTRO,"Terreno, 0.00 de área total, 0.00 de área privativa, 120.00 de área do terreno.",46237.83,82000.0,43.62,Venda Direta Online,Ver foto,CAPELA,SE
8444403690952,"Rua Projetada A Quadra A, N. 137, Bairro São José",CENTRO,"Casa, 60.00 de área total, 60.00 de área privativa, 120.00 de área do terreno, 2 qto(s), a.serv, WC, 1 sala(s), cozinha, 1 vaga(s) de garagem.",48377.45,69000.0,29.89,Venda Direta Online,Ver foto,CAPELA,SE
8444403732604,"R PROJETADA C QD C LOTE 2, N. S/N",CENTRO,"Casa, 69.96 de área total, 69.96 de área privativa, 84.00 de área do terreno, 2 qto(s), a.serv, WC, 1 sala(s), cozinha, 1 vaga(s) de garagem.",39402.58,71400.0,44.82,Venda Direta Online,,CAPELA,SE
8444403735492,"Travessa Clodoaldo Barreto, N. 35",CENTRO,"Casa, 69.89 de área total, 69.89 de área privativa, 80.00 de área do terreno, 2 qto(s), a.serv, WC, 1 sala(s), cozinha, 1 vaga(s) de garagem.",53269.81,94000.0,43.33,Venda Direta Online,Ver foto,CAPELA,SE
8444403777055,"Tv da Gia Quadra B, N. 5",CENTRO,"Casa, 60.00 de área total, 60.00 de área privativa, 96.00 de área do terreno, 2 qto(s), WC, 1 sala(s), cozinha, 1 vaga(s) de garagem.",32208.55,58117.17,44.58,Venda Direta Online,,CAPELA,SE
8444404186638,"Rua Projetada E Quadra A Lote 10, N. 10",CENTRO,"Casa, 69.93 de área total, 69.93 de área privativa, 140.00 de área do terreno, 2 qto(s), WC, 1 sala(s), cozinha, 1 vaga(s) de garagem.",36577.21,66000.0,44.58,Venda Direta Online,Ver foto,CAPELA,SE
8444404278796,"Rua Frei Damião, N. 636",CENTRO,"Casa, 62.70 de área total, 62.70 de área privativa, 75.90 de área do terreno, 1 qto(s), a.serv, WC, 1 sala(s), cozinha, 1 vaga(s) de garagem.",42684.28,77019.62,44.58,Venda Direta Online,,CAPELA,SE
8444404279229,"Rua Projetada A Quadra A Lote 25, N. 194",CENTRO,"Casa, 60.00 de área total, 60.00 de área privativa, 120.00 de área do terreno, 2 qto(s), a.serv, WC, 1 sala(s), cozinha, 1 vaga(s) de garagem.",38469.93,66700.0,42.33,Venda Direta Online,Ver foto,CAPELA,SE
8444404419217,"Rua B, N. 17, Lote 02, Quadra 03",CENTRO,"Casa, 69.94 de área total, 69.94 de área privativa, 140.00 de área do terreno, 2 qto(s), varanda, WC, 1 sala(s), cozinha, 1 vaga(s) de garagem.",33775.33,59600.0,43.33,Venda Direta Online,Ver foto,CAPELA,SE
8444404422447,"R CRUZ DA BRAUNA, N. 00524",CENTRO,"Casa, 33.64 de área total, 33.64 de área privativa, 39.71 de área do terreno, 2 qto(s), a.serv, WC, 1 sala(s), cozinha.",28505.01,50300.0,43.33,Venda Direta Online,Ver foto,CAPELA,SE
8444404422889,"Rua Cruz da Brauna, N. 523, lote 03",CENTRO,"Casa, 39.05 de área total, 39.05 de área privativa, 44.37 de área do terreno, 2 qto(s), a.serv, WC, 1 sala(s), cozinha.",6645.0,44300.0,85.0,Venda Direta Online,Ver foto,CAPELA,SE
8444404446931,"Rua Projetada D Quadra A Lot Castelinho, N. 20",CENTRO,"Casa, 67.35 de área total, 67.35 de área privativa, 70.00 de área do terreno, 2 qto(s), a.serv, WC, 1 sala(s), cozinha, 1 vaga(s) de garagem.",41565.01,75000.0,44.58,Venda Direta Online,Ver foto,CAPELA,SE
8444404580026,"Rua A Quadra 03 Lote 06, N. 233",CENTRO,"Casa, 43.34 de área total, 43.34 de área privativa, 118.26 de área do terreno, 2 qto(s), varanda, WC, 1 sala(s), cozinha, 1 vaga(s) de garagem.",29614.81,53437.02,44.58,Venda Direta Online,Ver foto,CAPELA,SE
8444404745041,"R TRAVESSA PROJETADA QD B, N. 00011, Lote 2. Bairro: Aeroporto",CENTRO,"Casa, 60.00 de área total, 60.00 de área privativa, 96.00 de área do terreno, 2 qto(s), a.serv, WC, 1 sala(s), cozinha, 1 vaga(s) de garagem.",32984.0,59516.4,44.58,Venda Direta Online,Ver foto,CAPELA,SE
8444404755110,"Rua Projetada Quadra C Lote 15, N. 15",CENTRO,"Casa, 69.96 de área total, 69.96 de área privativa, 84.00 de área do terreno, 2 qto(s), WC, 1 sala(s), cozinha, 1 vaga(s) de garagem.",8670.0,57800.0,85.0,Venda Direta Online,Ver foto,CAPELA,SE
8444405262818,"Rua Projetada A Qd A Lt 24, N. 188, Bairro São José",CENTRO,"Casa, 60.00 de área total, 60.00 de área privativa, 120.00 de área do terreno, 2 qto(s), a.serv, WC, 1 sala(s), cozinha, 1 vaga(s) de garagem.",31353.35,57000.0,45.0,Venda Direta Online,Ver foto,CAPELA,SE
8444405745444,"Rua Projetada A, N. 118, Qd A, Lt 13",CENTRO,"Casa, 66.66 de área total, 0.00 de área privativa, 108.00 de área do terreno, 2 qto(s), a.serv, WC, 1 sala(s), cozinha, 1 vaga(s) de garagem.",44103.01,80000.0,44.88,Venda Direta Online,Ver foto,CAPELA,SE
8444407168860,"Rua Projetada A Quadra A Lote 3, N. 36",CENTRO,"Casa, 85.49 de área total, 85.49 de área privativa, 90.00 de área do terreno, 2 qto(s), 1 suite(s), WC, 1 sala(s), cozinha, 1 vaga(s) de garagem.",49066.88,87000.0,43.61,Venda Direta Online,Ver foto,CAPELA,SE
8444407762893,"Rod Manoel Dantas, N. 113, N169 CONFORME LAUDO",CENTRO,"Casa, 68.44 de área total, 68.44 de área privativa, 145.00 de área do terreno, 3 qto(s), a.serv, WC, 1 sala(s), cozinha, 1 vaga(s) de garagem.",42502.51,75000.0,43.33,Venda Direta Online,,CAPELA,SE
8444408293420,"Rua Projetada A Quadra A Lote 9, N. 72, Bairro Sobradinho",CENTRO,"Casa, 85.01 de área total, 85.01 de área privativa, 90.00 de área do terreno, 2 qto(s), a.serv, 1 suite(s), WC, 1 sala(s), cozinha, 1 vaga(s) de garagem.",41966.76,73000.0,42.52,Venda Direta Online,,CAPELA,SE
8444408344378,"Rua Projetada F, N. 170, Lote 03",CENTRO,"Casa, 69.96 de área total, 69.96 de área privativa, 97.50 de área do terreno, 2 qto(s), a.serv, WC, 1 sala(s), cozinha, 1 vaga(s) de garagem.",44464.12,79700.0,44.22,Venda Online,,CAPELA,SE
8444408362066,"Rua Projetada A, N. 142, Lote 28 Quadra A",CENTRO,"Casa, 108.00 de área total, 76.44 de área privativa, 108.00 de área do terreno, 3 qto(s), a.serv, WC, 1 sala(s), cozinha, 1 vaga(s) de garagem.",42502.51,75000.0,43.33,Venda Direta Online,Ver foto,CAPELA,SE
8444409900053,"Rua Projetada A Quadra B Lote 18, N. 123, Bairro Sobradinho",CENTRO,"Casa, 69.60 de área total, 69.60 de área privativa, 83.10 de área do terreno, 2 qto(s), WC, 1 sala(s), cozinha, 1 vaga(s) de garagem.",43621.52,69000.0,36.79,Venda Direta Online,Ver foto,CAPELA,SE
8444410200639,"Rua Projetada A Quadra A Lote 29, N. 136",CENTRO,"Casa, 76.44 de área total, 76.44 de área privativa, 108.00 de área do terreno, 3 qto(s), WC, 1 sala(s), cozinha, 1 vaga(s) de garagem.",48169.51,85000.0,43.33,Venda Direta Online,,CAPELA,SE
8444410497496,"Rua Projetada H, N. 167",CENTRO,"Casa, 69.90 de área total, 69.90 de área privativa, 80.00 de área do terreno, 2 qto(s), varanda, WC, 1 sala(s), cozinha, 1 vaga(s) de garagem.",55250.0,65000.0,15.0,Venda Direta Online,Ver foto,CAPELA,SE
8444411058704,"RUA PROJETADA B, N. 00015, LT 03 QD C",CENTRO,"Casa, 56.45 de área total, 56.45 de área privativa, 60.50 de área do terreno, 2 qto(s), a.serv, WC, 1 sala(s), cozinha, 1 vaga(s) de garagem.",38422.27,67800.0,43.33,Venda Direta Online,Ver foto,CAPELA,SE
8444411074610,"Rua Projetada C Quadra C Lote 02, N. 09, Bairro Sobradinho",CENTRO,"Casa, 69.96 de área total, 69.96 de área privativa, 82.44 de área do terreno, 3 qto(s), WC, 1 sala(s), cozinha, 1 vaga(s) de garagem.",41935.81,74000.0,43.33,Venda Direta Online,Ver foto,CAPELA,SE
8444411289390,"Rua Projetada A Quadra A Lote 44, N. 254",CENTRO,"Casa, 69.85 de área total, 69.85 de área privativa, 92.48 de área do terreno, 3 qto(s), WC, 1 sala(s), cozinha, 1 vaga(s) de garagem.",36592.06,65000.0,43.71,Venda Online,Ver foto,CAPELA,SE
8555508379051,"Rua A, N. 53",CENTRO,"Casa, 89.95 de área total, 69.85 de área privativa, 0.00 de área do terreno, 3 qto(s), WC, 1 sala(s), cozinha, 1 vaga(s) de garagem.",33660.24,59396.92,43.33,Venda Direta Online,,CAPELA,SE
8555511436702,"Rua Nossa Senhora da Paz, N. 1065",CENTRO,"Casa, 48.00 de área total, 48.00 de área privativa, 150.00 de área do terreno, 1 qto(s), varanda, a.serv, 1 suite(s), WC, 1 sala(s), cozinha.",29232.38,52000.0,43.79,Venda Direta Online,Ver foto,CAPELA,SE
8555511735475,"Av Aureliano B Santana, N. 210",CENTRO,"Casa, 70.00 de área total, 70.00 de área privativa, 112.50 de área do terreno, 2 qto(s), a.serv, WC, 2 sala(s), cozinha.",28335.0,50000.0,43.33,Venda Direta Online,,CAPELA,SE
8555515714570,"Rua do BECO, N. 06, Atual R Claudio Celestino de Carvalho",CENTRO,"Casa, 69.84 de área total, 69.84 de área privativa, 0.00 de área do terreno, 1 qto(s), 1 suite(s), WC, 1 sala(s), cozinha, 1 vaga(s) de garagem.",43781.81,79000.0,44.58,Venda Direta Online,Ver foto,CAPELA,SE
8555516601752,"Travessa José Pierre, N. 345",CENTRO,"Casa, 60.80 de área total, 60.80 de área privativa, 0.00 de área do terreno, 2 qto(s), a.serv, WC, 1 sala(s), cozinha.",36280.91,62626.43,42.07,Venda Direta Online,Ver foto,CAPELA,SE
8555516918373,"Rua Pedro Vieira, N. 282",CENTRO,"Casa, 91.91 de área total, 91.91 de área privativa, 148.67 de área do terreno, 3 qto(s), varanda, a.serv, WC, 1 sala(s), cozinha, 1 vaga(s) de garagem.",41222.96,73151.0,43.65,Venda Direta Online,Ver foto,CAPELA,SE
8555518151282,"Vila Conceição, N. 711, Atual rua Aurelino barreto de Melo",CENTRO,"Casa, 79.75 de área total, 79.75 de área privativa, 137.50 de área do terreno, 2 qto(s), WC, 2 sala(s), cozinha.",35192.08,62100.0,43.33,Venda Direta Online,Ver foto,CAPELA,SE
8555519595206,"Travessa Projetada 1 Quadra A Lote 03, N. 18",CENTRO,"Casa, 54.00 de área total, 54.00 de área privativa, 60.00 de área do terreno, 2 qto(s), WC, 1 sala(s), cozinha, 1 vaga(s) de garagem.",48584.94,79123.0,38.6,Venda Direta Online,Ver foto,CAPELA,SE
1444401715380,"RUA SERAFIM JOSE DOS SANTOS, N. 00160, CASA",CENTRO,"Casa, 95.88 de área total, 95.88 de área privativa, 0.00 de área do terreno, 3 qto(s), varanda, a.serv, WC, 1 sala(s), cozinha, 1 vaga(s) de garagem.",94328.6,115000.0,17.98,Venda Direta Online,Ver foto,CARIRA,SE
10002088,"Tv Rosa Fontes Dias, N. 33",CENTRO,"Casa, 118.56 de área total, 118.56 de área privativa, 69.90 de área do terreno, 4 qto(s), WC, 1 sala(s), 1 vaga(s) de garagem.",95066.7,131000.0,27.43,Venda Direta Online,,CRISTINAPOLIS,SE
1444403442047,"Rua Estrada da Jibóia, N. S/N",,"Terreno, 2801.45 de área total, 2801.45 de área privativa, 2801.45 de área do terreno.",56324.85,86449.92,34.85,Venda Direta Online,Ver foto,CRISTINAPOLIS,SE
1444407816960,"Rua Oséas Batista Filho, N. 138",CENTRO,"Casa, 86.10 de área total, 86.10 de área privativa, 120.00 de área do terreno, 3 qto(s), varanda, WC, 2 sala(s), cozinha.",52326.0,81000.0,35.4,Venda Direta Online,Ver foto,CRISTINAPOLIS,SE
1444408289662,"Rua Cel. Ulisses Vieira, N. 865",,"Casa, 81.00 de área total, 81.00 de área privativa, 260.00 de área do terreno, 2 qto(s), WC, 1 sala(s), cozinha, 1 vaga(s) de garagem.",50388.0,78000.0,35.4,Venda Direta Online,Ver foto,CRISTINAPOLIS,SE
8444407018205,"Rua Joaquim Amancio Filho, N. 280",CENTRO,"Casa, 88.30 de área total, 88.30 de área privativa, 110.16 de área do terreno, 3 qto(s), varanda, WC, 1 sala(s), cozinha.",56872.47,100357.26,43.33,Venda Direta Online,,CRISTINAPOLIS,SE
1444403092437,"Rua Professora Enilde Andrade Machado, N. 53",CENTRO,"Casa, 138.00 de área total, 138.00 de área privativa, 184.00 de área do terreno, 4 qto(s), a.serv, WC, 2 sala(s), cozinha.",41575.0,166300.0,75.0,Venda Online,,CUMBE,SE
8444402354983,"Rua Professora Maria José Moura, N. 167",CENTRO,"Casa, 46.05 de área total, 46.05 de área privativa, 294.00 de área do terreno, 1 qto(s), WC, 1 sala(s), cozinha.",19834.5,35000.0,43.33,Venda Direta Online,Ver foto,CUMBE,SE
8444403722889,"Rua Professora Maria José Moura, aquidaba",CENTRO,"Casa, 48.00 de área total, 48.00 de área privativa, 120.00 de área do terreno.",16717.65,29500.0,43.33,Venda Direta Online,,CUMBE,SE
1444403814262,"Rodovia Gracho Cardoso, N. 355",TANCREDO NEVES,"Casa, 150.00 de área total, 150.00 de área privativa, 230.00 de área do terreno, 2 qto(s), 1 suite(s), WC, 1 sala(s), cozinha, 1 vaga(s) de garagem.",67830.0,105000.0,35.4,Venda Direta Online,Ver foto,FEIRA NOVA,SE
8444406141178,"Av José Alves de Queiroz, N. 81, Centro",TANCREDO NEVES,"Casa, 92.00 de área total, 92.00 de área privativa, 294.38 de área do terreno, 2 qto(s), WC, 1 sala(s), cozinha.",50436.31,89000.0,43.33,Venda Direta Online,Ver foto,FEIRA NOVA,SE
8444401329888,"Rua José J. de Mendonça, N. 121, conj. Euclides Goes",CENTRO,"Casa, 68.02 de área total, 68.02 de área privativa, 95.20 de área do terreno, 2 qto(s), WC, 1 sala(s), cozinha.",34002.01,60000.0,43.33,Venda Direta Online,Ver foto,FREI PAULO,SE
8444404250050,"Travessa Aparecida, N. 363",CENTRO,"Casa, 84.66 de área total, 84.66 de área privativa, 120.00 de área do terreno, 2 qto(s), a.serv, WC, 1 sala(s), cozinha.",38818.96,68500.0,43.33,Venda Direta Online,,FREI PAULO,SE
8555529161241,"Rodovia BR-235 Rua 1, N. 104, Qd 04, Lt 104",CENTRO,"Casa, 39.79 de área total, 39.79 de área privativa, 39.79 de área do terreno, 2 qto(s), varanda, a.serv, WC, 1 sala(s), cozinha.",16626.0,30000.0,44.58,Venda Direta Online,Ver foto,FREI PAULO,SE
8555529162183,"Av A Quadra 1 Lote 11, N. S/N",CENTRO,"Casa, 101.00 de área total, 39.79 de área privativa, 160.00 de área do terreno, 2 qto(s), a.serv, WC, 1 sala(s), cozinha.",38239.81,69000.0,44.58,Venda Direta Online,Ver foto,FREI PAULO,SE
8555529163180,"ResidJudith Abylia Qd 1 Lote 14, Rod BR 235",CENTRO,"Casa, 39.79 de área total, 39.79 de área privativa, 160.00 de área do terreno, 2 qto(s), a.serv, WC, 1 sala(s), cozinha.",26047.41,47000.0,44.58,Venda Direta Online,Ver foto,FREI PAULO,SE
8555529742295,"Quadra 1 Lote 8., Atual BR 235, Km 74",CENTRO,"Casa, 39.79 de área total, 39.79 de área privativa, 160.00 de área do terreno, 2 qto(s), varanda, a.serv, WC, 1 sala(s), cozinha.",21613.81,39000.0,44.58,Venda Direta Online,,FREI PAULO,SE
8555529745120,"Lote 84 Quadra 3 Rua I, N. 74, Rod BR 235, Km 74. Portelinha",CENTRO,"Casa, 39.79 de área total, 39.79 de área privativa, 160.00 de área do terreno, 2 qto(s), varanda, a.serv, WC, 1 sala(s), cozinha.",25902.28,46738.14,44.58,Venda Direta Online,Ver foto,FREI PAULO,SE
8555530240915,"Rua I Quadra 3 Lote 75, Rod BR 235, Km 74",CENTRO,"Casa, 39.79 de área total, 39.79 de área privativa, 161.84 de área do terreno, 2 qto(s), varanda, a.serv, WC, 1 sala(s), cozinha.",27710.0,50000.0,44.58,Venda Direta Online,Ver foto,FREI PAULO,SE
8555531909053,"Rua 1 Qd 01 Lt 21, N. S/N",CENTRO,"Casa, 39.79 de área total, 39.79 de área privativa, 0.00 de área do terreno, 2 qto(s), varanda, a.serv, WC, 1 sala(s), cozinha.",25770.3,46500.0,44.58,Venda Direta Online,,FREI PAULO,SE
8555532707497,"Quadra 1 Lote 5, Atual BR 235, s/n",CENTRO,"Casa, 39.79 de área total, 39.79 de área privativa, 164.70 de área do terreno, 2 qto(s), varanda, a.serv, WC, 1 sala(s), cozinha.",22223.43,40100.0,44.58,Venda Direta Online,,FREI PAULO,SE
8555534325834,"Quadra I Lote 9, Atual Av A, Rodovia BR 235 - Km 74",CENTRO,"Terreno, 70.00 de área total, 70.00 de área privativa, 160.00 de área do terreno, 1 qto(s), a.serv, WC, 1 sala(s), cozinha.",31589.41,57000.0,44.58,Venda Direta Online,,FREI PAULO,SE
10002084,"Rua Karolina Com K, Quadra I, Lote 22",DOUTOR JOSE MILTON MACHADO,"Terreno, 200.00 de área total, 200.00 de área privativa, 200.00 de área do terreno.",19231.05,26500.0,27.43,Venda Direta Online,,ITABAIANA,SE
10011700,"Ruã João Francisco Bragança, N. 150",SAO CRISTOVAO,"Comercial, 206.40 de área total, 206.40 de área privativa, 125.28 de área do terreno, WC, 5 sala(s), cozinha.",334547.7,461000.0,27.43,Venda Direta Online,Ver foto,ITABAIANA,SE
1444402191156,"R ODORICO ALVES DOS SANTOS, N. 244",CENTRO,"Casa, 195.00 de área total, 195.00 de área privativa, 0.00 de área do terreno, 4 qto(s), varanda, a.serv, WC, 2 sala(s), cozinha, 1 vaga(s) de garagem.",81396.01,126000.0,35.4,Venda Direta Online,Ver foto,ITABAIANINHA,SE
1444406433499,Rua B Lote 34,CENTRO,"Casa, 70.00 de área total, 70.00 de área privativa, 98.00 de área do terreno, 2 qto(s), a.serv, WC, 2 sala(s), cozinha.",41344.01,64000.0,35.4,Venda Direta Online,Ver foto,ITABAIANINHA,SE
8444407708465,"Rua B Lote 71, Bairro Angelim. Atual nº 238",CENTRO,"Casa, 72.00 de área total, 60.00 de área privativa, 84.00 de área do terreno, 2 qto(s), WC, 1 sala(s), cozinha, 1 vaga(s) de garagem.",45336.01,80000.0,43.33,Venda Direta Online,Ver foto,ITABAIANINHA,SE
8444407721119,"Rua Projetada A, N. 69",CENTRO,"Casa, 60.00 de área total, 60.00 de área privativa, 74.40 de área do terreno, 2 qto(s), WC, 1 sala(s), cozinha, 1 vaga(s) de garagem.",36268.81,64000.0,43.33,Venda Direta Online,Ver foto,ITABAIANINHA,SE
8444407945424,"Rua Robustiano da Silveira Gois, N. 33",CENTRO,"Casa, 65.00 de área total, 65.00 de área privativa, 167.50 de área do terreno, 2 qto(s), a.serv, WC, 2 sala(s), cozinha.",52136.41,92000.0,43.33,Venda Direta Online,Ver foto,ITABAIANINHA,SE
8444408943638,"Rua Robustiano da Silveira Gois, N. 29",CENTRO,"Casa, 65.00 de área total, 65.00 de área privativa, 167.50 de área do terreno, 1 qto(s), WC, 1 sala(s), cozinha.",37402.21,66000.0,43.33,Venda Direta Online,,ITABAIANINHA,SE
8555531683268,"Rod Tomar do Geru s/n Qd 01, N. 22, Bairro Caraíbas",CENTRO,"Casa, 48.70 de área total, 48.70 de área privativa, 127.50 de área do terreno, 2 qto(s), varanda, a.serv, WC, 1 sala(s), cozinha, 1 vaga(s) de garagem.",41565.0,75000.0,44.58,Venda Direta Online,Ver foto,ITABAIANINHA,SE
8555532075873,"Rodovia TOMAR DO GERU, N. 73, QD 02 LT 29",CENTRO,"Casa, 48.70 de área total, 48.70 de área privativa, 127.50 de área do terreno, 2 qto(s), varanda, a.serv, WC, 1 sala(s), cozinha, 1 vaga(s) de garagem.",41731.26,75300.0,44.58,Venda Direta Online,,ITABAIANINHA,SE
8555534383672,"Rodovia Tomar do Geru Quadra 02, N. 42, UNIDADE 42",CENTRO,"Casa, 48.70 de área total, 48.70 de área privativa, 127.50 de área do terreno, 2 qto(s), varanda, a.serv, WC, 1 sala(s), cozinha, 1 vaga(s) de garagem.",40924.0,65000.0,37.04,Venda Direta Online,Ver foto,ITABAIANINHA,SE
8555535861608,"Rodovia Tomar do Geru s/n Quadra 02, N. 18, Atual nº 161 (conforme Prefeitura)",CENTRO,"Casa, 49.47 de área total, 48.70 de área privativa, 0.00 de área do terreno, 2 qto(s), varanda, a.serv, WC, 1 sala(s), cozinha, 1 vaga(s) de garagem.",42183.2,67000.0,37.04,Venda Direta Online,Ver foto,ITABAIANINHA,SE
8555536735339,"Rodovia Tomar do Geru s/n Quadra 2, N. 34",CENTRO,"Casa, 49.47 de área total, 48.70 de área privativa, 0.00 de área do terreno, 2 qto(s), varanda, a.serv, WC, 1 sala(s), cozinha, 1 vaga(s) de garagem.",35191.71,63500.0,44.58,Venda Direta Online,Ver foto,ITABAIANINHA,SE
10012008,Av A s/n Quadra 02 Lote 05,CENTRO,"Terreno, 0.00 de área total, 0.00 de área privativa, 416.49 de área do terreno.",44252.81,60979.48,27.43,Venda Direta Online,,ITAPORANGA D'AJUDA,SE
10012009,"RUA E, N. S/N, QD 05 LT 05",CENTRO,"Terreno, 0.00 de área total, 0.00 de área privativa, 389.10 de área do terreno.",50230.03,69215.97,27.43,Venda Direta Online,,ITAPORANGA D'AJUDA,SE
10012011,Rua F Quadra 05 Lote 10,CENTRO,"Terreno, 0.00 de área total, 0.00 de área privativa, 364.00 de área do terreno.",33382.2,46000.0,27.43,Venda Direta Online,,ITAPORANGA D'AJUDA,SE
1444402296772,"Rua T Quadra 27 Lotes 10 e 12, N. 35, Lot Santo Antônio",CENTRO,"Casa, 101.97 de área total, 101.97 de área privativa, 320.00 de área do terreno, 2 qto(s), varanda, a.serv, WC, 1 sala(s), cozinha.",69773.67,104000.0,32.91,Venda Direta Online,,ITAPORANGA D'AJUDA,SE
1444403025284,"Sítio Praia Bonita, Lt 04",,"Terreno, 578.00 de área total, 578.00 de área privativa, 578.00 de área do terreno.",37468.0,58000.0,35.4,Venda Direta Online,,ITAPORANGA D'AJUDA,SE
1555533602232,Sítio Praia Bonita Lote 03,CENTRO,"Terreno, 0.00 de área total, 0.00 de área privativa, 578.00 de área do terreno.",33098.2,76852.75,56.94,Venda Direta Online,,ITAPORANGA D'AJUDA,SE
17238,"RUA ANCHIETA POVOADO NO CEGO, N. S/N",,"Terreno, 0.00 de área total, 0.00 de área privativa, 10587.50 de área do terreno.",292500.0,650000.0,55.0,Venda Direta Online,Ver foto,ITAPORANGA D'AJUDA,SE
17650,"Rodovia BR-101 KM 116, N. S/N, PERIMETRO URBANO, FAZENDA ARATICUM",CENTRO,"Terreno, 0.00 de área total, 0.00 de área privativa, 11811.75 de área do terreno.",70200.0,234000.0,70.0,Venda Online,Ver foto,ITAPORANGA D'AJUDA,SE
8444402759177,"Rua das Pedras, N. 89",CENTRO,"Casa, 42.55 de área total, 42.55 de área privativa, 180.00 de área do terreno, 2 qto(s), WC, 1 sala(s), cozinha.",11471.95,20700.0,44.58,Venda Direta Online,,MALHADA DOS BOIS,SE
1444406802699,"Travessa Miguel Rodrigues de Lima, N. 128",CENTRO,"Casa, 119.17 de área total, 119.17 de área privativa, 146.33 de área do terreno, 3 qto(s), 2 suite(s), 2 sala(s), cozinha, 1 vaga(s) de garagem.",56035.33,86742.0,35.41,Venda Direta Online,Ver foto,MALHADOR,SE
10011850,"RUA DIVINA PASTORA, N. 501",CENTRO,"Casa, 82.50 de área total, 82.50 de área privativa, 82.50 de área do terreno, 3 qto(s), a.serv, WC, WC Emp, 1 sala(s), cozinha, 1 vaga(s) de garagem.",53338.95,73500.0,27.43,Venda Direta Online,,MONTE ALEGRE DE SERGIPE,SE
1444407361106,"Rua Eliete Nunes de Santana, N. 105",CENTRO,"Casa, 84.60 de área total, 69.60 de área privativa, 120.00 de área do terreno, 2 qto(s), WC, 1 sala(s), cozinha, 1 vaga(s) de garagem.",48430.62,74970.0,35.4,Venda Direta Online,Ver foto,MONTE ALEGRE DE SERGIPE,SE
1555520844755,"Rua Tiradentes, N. S/N",CENTRO,"Terreno, 25706.01 de área total, 25706.01 de área privativa, 25706.01 de área do terreno.",450000.0,1000000.0,55.0,Venda Direta Online,Ver foto,MONTE ALEGRE DE SERGIPE,SE
1555523321117,"Travessa João Alves Lima, N. S/N",CENTRO,"Comercial, 216.00 de área total, 216.00 de área privativa, 216.00 de área do terreno.",53909.05,117000.0,53.93,Venda Direta Online,,MONTE ALEGRE DE SERGIPE,SE
17072,"Rua Projetada, N. S/N",,"Terreno, 2581.89 de área total, 0.00 de área privativa, 2581.89 de área do terreno.",170539.51,235000.0,27.43,Venda Online,Ver foto,MONTE ALEGRE DE SERGIPE,SE
8444401622437,"Rua Jaime Alves Ferreira, N. S/N, Nº 108 no local",CENTRO,"Casa, 0.00 de área total, 70.00 de área privativa, 70.00 de área do terreno, 2 qto(s), varanda, a.serv, WC, 1 sala(s), cozinha.",37712.46,72900.0,48.27,Venda Direta Online,,MONTE ALEGRE DE SERGIPE,SE
8444402374895,"R CARLOS ALCANTARA, N. 335",CENTRO,"Casa, 69.88 de área total, 69.88 de área privativa, 131.41 de área do terreno, 2 qto(s), a.serv, WC, 1 sala(s), cozinha, 1 vaga(s) de garagem.",28051.65,49500.0,43.33,Venda Direta Online,Ver foto,MONTE ALEGRE DE SERGIPE,SE
10005022,"Rua Projetada Quadra 01 Lote 12, Atual Tv 12 de Outubro, Jd do Sertão",CENTRO,"Terreno, 0.00 de área total, 0.00 de área privativa, 240.00 de área do terreno.",29028.0,40000.0,27.43,Venda Direta Online,,NOSSA SENHORA DA GLORIA,SE
1444400031704,"Rua Rosangela de Oliveira Sobral, N. 68",CENTRO,"Casa, 150.00 de área total, 150.00 de área privativa, 150.00 de área do terreno, 3 qto(s), a.serv, WC, 2 sala(s), cozinha, 1 vaga(s) de garagem.",79458.01,123000.0,35.4,Venda Direta Online,,NOSSA SENHORA DAS DORES,SE
1444400407917,"Av Presidente Médici, N. 481",CENTRO,"Casa, 170.00 de área total, 170.00 de área privativa, 189.00 de área do terreno, 2 qto(s), varanda, a.serv, 1 sala(s), cozinha.",196938.95,300000.0,34.36,Venda Direta Online,Ver foto,NOSSA SENHORA DAS DORES,SE
1444400688908,"Tv Tertuliano Pereira de Azevedo, N. 42",CENTRO,"Casa, 175.00 de área total, 175.00 de área privativa, 175.00 de área do terreno, 3 qto(s), a.serv, WC, 1 sala(s), cozinha.",70414.01,109000.0,35.4,Venda Direta Online,Ver foto,NOSSA SENHORA DAS DORES,SE
1444401351249,"Travessa Saco de Caçula, N. SN, Atual Rua dos Penitentes",,"Terreno, 210.00 de área total, 210.00 de área privativa, 210.00 de área do terreno.",18360.03,28000.0,34.43,Venda Direta Online,Ver foto,NOSSA SENHORA DAS DORES,SE
1444402414597,"RUA B LOTE 10 QUADRA 02, POVOADO ASSENSO",,"Terreno, 192.00 de área total, 192.00 de área privativa, 192.00 de área do terreno.",4835.85,7000.0,30.92,Venda Direta Online,Ver foto,NOSSA SENHORA DAS DORES,SE
1444402639092,"Av Paulo Vasconcelos, N. S/N",CENTRO,"Terreno, 144.00 de área total, 144.00 de área privativa, 144.00 de área do terreno.",23256.0,36000.0,35.4,Venda Direta Online,,NOSSA SENHORA DAS DORES,SE
1444403190668,"Rua dos Trabalhadores, N. 605, Atual Rua Maria José Gonzaga",CENTRO,"Casa, 132.00 de área total, 132.00 de área privativa, 0.00 de área do terreno, 2 qto(s), varanda, WC, 1 sala(s), cozinha, 1 vaga(s) de garagem.",77184.73,119481.0,35.4,Venda Direta Online,Ver foto,NOSSA SENHORA DAS DORES,SE
1444403691306,"Av Augusto Franco, N. 232",CENTRO,"Casa, 149.00 de área total, 149.00 de área privativa, 175.00 de área do terreno, 3 qto(s), WC, WC Emp, 1 sala(s), cozinha, 1 vaga(s) de garagem.",103360.0,160000.0,35.4,Venda Direta Online,,NOSSA SENHORA DAS DORES,SE
1444404180542,"Travessa XV de Novembro, N. S/N",CENTRO,"Terreno, 150.00 de área total, 0.00 de área privativa, 150.00 de área do terreno.",34204.23,52947.71,35.4,Venda Direta Online,,NOSSA SENHORA DAS DORES,SE
1444404628799,"Rua do Matadouro Novo, N. 492",,"Casa, 93.30 de área total, 93.30 de área privativa, 266.00 de área do terreno, 2 qto(s), varanda, WC, 1 sala(s), cozinha, 1 vaga(s) de garagem.",89823.07,139045.0,35.4,Venda Direta Online,Ver foto,NOSSA SENHORA DAS DORES,SE
1444404642210,"Rua B, N. 83",CENTRO,"Casa, 114.00 de área total, 114.00 de área privativa, 175.00 de área do terreno, 2 qto(s), varanda, a.serv, WC, 2 sala(s), cozinha.",74936.0,116000.0,35.4,Venda Direta Online,Ver foto,NOSSA SENHORA DAS DORES,SE
1444404836502,"Av Lourival Batista, N. S/N",CENTRO,"Terreno, 0.00 de área total, 0.00 de área privativa, 1987.00 de área do terreno.",220867.85,288700.0,23.5,Venda Direta Online,Ver foto,NOSSA SENHORA DAS DORES,SE
1444405051045,"R CAMPO VELHO, N. 437",,"Casa, 0.00 de área total, 70.00 de área privativa, 0.00 de área do terreno, 2 qto(s), varanda, a.serv, WC, 1 sala(s), cozinha.",56848.0,88000.0,35.4,Venda Direta Online,Ver foto,NOSSA SENHORA DAS DORES,SE
1444405051223,"Rua C Qd 4 Lt 18, N. 18",CENTRO,"Terreno, 175.00 de área total, 175.00 de área privativa, 175.00 de área do terreno.",21318.01,33000.0,35.4,Venda Direta Online,,NOSSA SENHORA DAS DORES,SE
1444406446132,"Rua Enoque de Menezes Lt 07, N. 53",CENTRO,"Casa, 117.65 de área total, 117.65 de área privativa, 167.40 de área do terreno, 2 qto(s), a.serv, 1 suite(s), WC, 1 sala(s), cozinha, 1 vaga(s) de garagem.",76228.0,118000.0,35.4,Venda Direta Online,Ver foto,NOSSA SENHORA DAS DORES,SE
1444407099584,"Rua Maria de Lidia Lima, N. 901",CENTRO,"Casa, 194.33 de área total, 194.33 de área privativa, 640.93 de área do terreno, 2 qto(s), varanda, 1 suite(s), WC, 1 sala(s), cozinha, 1 vaga(s) de garagem.",100776.01,156000.0,35.4,Venda Direta Online,,NOSSA SENHORA DAS DORES,SE
1444407819153,"Rua José Américo de Almeida, N. 42, O numero do imóvel atualmente é o 50",CENTRO,"Casa, 240.28 de área total, 240.28 de área privativa, 332.50 de área do terreno, 3 qto(s), a.serv, WC, 3 sala(s), cozinha, 1 vaga(s) de garagem.",165376.0,256000.0,35.4,Venda Direta Online,Ver foto,NOSSA SENHORA DAS DORES,SE
1555523830852,"Tv Barão do Rio Branco, N. S/N",CENTRO,"Terreno, 0.00 de área total, 0.00 de área privativa, 180.00 de área do terreno.",18050.5,32500.0,44.46,Venda Direta Online,Ver foto,NOSSA SENHORA DAS DORES,SE
8240500033965,"Av Liberdade, N. 70, Bairro Cruzeiro das Moças",CENTRO,"Casa, 120.00 de área total, 120.00 de área privativa, 0.00 de área do terreno, 2 qto(s), varanda, a.serv, WC, 1 sala(s), cozinha.",19047.06,63500.0,70.01,Venda Direta Online,Ver foto,NOSSA SENHORA DAS DORES,SE
8444401942709,"Rua Petronilda Medrado Santos Souza, N. 332, Bairro Fontinhas",CENTRO,"Casa, 118.87 de área total, 118.87 de área privativa, 126.00 de área do terreno, 3 qto(s), a.serv, WC, 2 sala(s), cozinha.",58936.81,104000.0,43.33,Venda Direta Online,,NOSSA SENHORA DAS DORES,SE
8444403736537,"Tv Campo Velho, N. 65",CENTRO,"Casa, 78.00 de área total, 78.00 de área privativa, 0.00 de área do terreno, 2 qto(s), varanda, a.serv, WC, 1 sala(s), cozinha.",49214.57,86844.14,43.34,Venda Direta Online,Ver foto,NOSSA SENHORA DAS DORES,SE
8444409242943,"R FRANCISCO JOAQUIM DE ANDRADE (ANTIGA RUA D), N. 00023, QD 4 LT 57 Bairro JOAO VENTURA",CENTRO,"Casa, 107.93 de área total, 107.93 de área privativa, 192.00 de área do terreno, 3 qto(s), a.serv, WC, 1 sala(s), cozinha, 1 vaga(s) de garagem.",50768.61,91607.0,44.58,Venda Direta Online,Ver foto,NOSSA SENHORA DAS DORES,SE
8444409467201,"Rua D Qd 04 Lt 53, N. 15, ATUAL RUA FRANCISCO JOAQUIM ANDRADE",CENTRO,"Casa, 106.00 de área total, 106.00 de área privativa, 192.00 de área do terreno, 3 qto(s), a.serv, WC, 1 sala(s), cozinha, 1 vaga(s) de garagem.",44890.21,81000.0,44.58,Venda Direta Online,Ver foto,NOSSA SENHORA DAS DORES,SE
8444412514029,Rua D s/n,CENTRO,"Casa, 89.31 de área total, 89.31 de área privativa, 192.00 de área do terreno, 2 qto(s), varanda, a.serv, WC, 2 sala(s), cozinha, 1 vaga(s) de garagem.",41565.0,75000.0,44.58,Venda Direta Online,Ver foto,NOSSA SENHORA DAS DORES,SE
10008242,Rod BR 101 s/n Quadra L Lote 16,TAICOCA DE DENTRO,"Terreno, 0.00 de área total, 0.00 de área privativa, 3875.00 de área do terreno.",846889.0,1166996.0,27.43,Venda Direta Online,Ver foto,NOSSA SENHORA DO SOCORRO,SE
10008387,Pov Aratu Rod Manoel do Prado Franco Lote 15,CENTRO,"Terreno, 0.00 de área total, 0.00 de área privativa, 4142.53 de área do terreno.",272137.5,375000.0,27.43,Venda Direta Online,Ver foto,NOSSA SENHORA DO SOCORRO,SE
1444402183129,"Rua Trina e Nove, Qd A-40 Lt 1467",PALESTINA,"Terreno, 345.00 de área total, 0.00 de área privativa, 345.00 de área do terreno.",44574.0,69000.0,35.4,Venda Direta Online,Ver foto,NOSSA SENHORA DO SOCORRO,SE
1444403067467,"Rua 38 Quadra 103 Lote 22, N. 8",CENTRO,"Casa, 260.00 de área total, 260.00 de área privativa, 150.00 de área do terreno, 5 qto(s), a.serv, WC, 2 sala(s), cozinha.",129200.01,200000.0,35.4,Venda Direta Online,Ver foto,NOSSA SENHORA DO SOCORRO,SE
1444404029836,"Rua 45 Qd 116 Lt 37, N. 388, Taiçoca",TAICOCA DE DENTRO,"Casa, 126.00 de área total, 126.00 de área privativa, 150.00 de área do terreno, 1 qto(s), WC, 1 sala(s), cozinha.",93670.0,145000.0,35.4,Venda Direta Online,Ver foto,NOSSA SENHORA DO SOCORRO,SE
1444404599527,"Rua D-3 Lote 04 Quadra 01 - 3ª Etapa, N. 55, Taicoca",PIABETA,"Casa, 112.70 de área total, 112.70 de área privativa, 200.00 de área do terreno, 1 qto(s), varanda, a.serv, 1 suite(s), WC, 1 sala(s), cozinha.",82688.0,128000.0,35.4,Venda Direta Online,Ver foto,NOSSA SENHORA DO SOCORRO,SE
1444404823001,"Rua D Quadra 13 Lote 14, N. 135",PIABETA,"Casa, 182.56 de área total, 91.28 de área privativa, 212.50 de área do terreno, 1 qto(s), 1 suite(s), WC, 1 sala(s), cozinha, 1 vaga(s) de garagem.",124678.01,193000.0,35.4,Venda Direta Online,Ver foto,NOSSA SENHORA DO SOCORRO,SE
1444405765323,"Rua B3 Quadra 5 Lote 32, N. 252",PIABETA,"Casa, 98.10 de área total, 98.10 de área privativa, 200.00 de área do terreno, 1 qto(s), 1 suite(s), WC, 1 sala(s), cozinha.",83334.01,129000.0,35.4,Venda Direta Online,,NOSSA SENHORA DO SOCORRO,SE
1444406096573,"Rua 163 Qd 248 Lt 27, N. 31",CENTRO,"Casa, 315.77 de área total, 315.77 de área privativa, 144.00 de área do terreno.",162792.01,252000.0,35.4,Venda Direta Online,Ver foto,NOSSA SENHORA DO SOCORRO,SE
1444408198748,"Rua I Quadra R, N. 489, Complexo Jardim",PIABETA,"Casa, 125.65 de área total, 125.65 de área privativa, 180.00 de área do terreno, 4 qto(s), varanda, WC, 2 sala(s), cozinha.",96900.0,150000.0,35.4,Venda Direta Online,Ver foto,NOSSA SENHORA DO SOCORRO,SE
8444400722217,"R DOS VASCONCELOS, N. 00082, LT 150 Q IV",CENTRO,"Casa, 120.57 de área total, 120.57 de área privativa, 240.00 de área do terreno, 2 qto(s), a.serv, WC, 2 sala(s), cozinha.",62337.0,110000.0,43.33,Venda Direta Online,Ver foto,NOSSA SENHORA DO SOCORRO,SE
8444401180000,"Rua 09 de Março Quadra 65 Lote 04-B, N. 156",CENTRO,"Casa, 56.82 de área total, 56.82 de área privativa, 175.50 de área do terreno, 3 qto(s), WC, 1 sala(s), cozinha, 1 vaga(s) de garagem.",43530.05,75000.0,41.96,Venda Direta Online,Ver foto,NOSSA SENHORA DO SOCORRO,SE
8444401557155,"Rua L Quadra 11 Lote 04, N. 09",CENTRO,"Terreno, 48.00 de área total, 48.00 de área privativa, 122.50 de área do terreno.",39669.01,70000.0,43.33,Venda Direta Online,Ver foto,NOSSA SENHORA DO SOCORRO,SE
8444401800246,"Rua 5 de Abril, N. 42, Qd 76, Lt 14",,"Casa, 69.77 de área total, 69.77 de área privativa, 200.00 de área do terreno, 3 qto(s), WC, 3 sala(s), cozinha.",36835.51,65000.0,43.33,Venda Direta Online,Ver foto,NOSSA SENHORA DO SOCORRO,SE
8444402211155,"Av Rosa de Maio Área 03 Quadra 65, N. 204",CENTRO,"Casa, 65.18 de área total, 65.18 de área privativa, 199.61 de área do terreno, 2 qto(s), WC, 2 sala(s), cozinha.",36835.51,65000.0,43.33,Venda Direta Online,Ver foto,NOSSA SENHORA DO SOCORRO,SE
8444403653631,"Rua S-1, N. 49, Quadra 28, Lote 35",CENTRO,"Casa, 70.00 de área total, 27.00 de área privativa, 90.00 de área do terreno, 1 qto(s), WC, 1 sala(s), cozinha.",47036.11,83000.0,43.33,Venda Direta Online,,NOSSA SENHORA DO SOCORRO,SE
8444403698023,"Rua A Lote 34 Quadra 10, N. 34",CENTRO,"Casa, 66.75 de área total, 66.75 de área privativa, 200.00 de área do terreno, 2 qto(s), WC, 1 sala(s), cozinha.",36023.0,65000.0,44.58,Venda Direta Online,,NOSSA SENHORA DO SOCORRO,SE
8444404043977,"Av Rosa de Maio Qd 65, N. 192, Área 2",,"Casa, 65.54 de área total, 65.54 de área privativa, 209.79 de área do terreno, 2 qto(s), WC, 1 sala(s), cozinha.",32868.61,58000.0,43.33,Venda Direta Online,Ver foto,NOSSA SENHORA DO SOCORRO,SE
8444404870679,"Rua D1 Qd 05 Lt 41, N. 126",,"Casa, 77.11 de área total, 77.11 de área privativa, 200.00 de área do terreno, 2 qto(s), a.serv, WC, 1 sala(s), cozinha, 1 vaga(s) de garagem.",65170.5,115000.0,43.33,Venda Direta Online,Ver foto,NOSSA SENHORA DO SOCORRO,SE
8444405036702,"Rua B-I, N. 34, Rua B-I, Qd 16, Lt 31",CENTRO,"Casa, 85.00 de área total, 85.00 de área privativa, 144.00 de área do terreno, 1 qto(s), WC, 1 sala(s), cozinha.",44202.61,78000.0,43.33,Venda Direta Online,Ver foto,NOSSA SENHORA DO SOCORRO,SE
8444405106247,"Rua das Margaridas, N. 200, Qd 10, Lt 09",CENTRO,"Casa, 69.26 de área total, 69.26 de área privativa, 200.00 de área do terreno, 3 qto(s), WC, 2 sala(s), cozinha.",39669.0,70000.0,43.33,Venda Direta Online,,NOSSA SENHORA DO SOCORRO,SE
8444405333103,"Rua I Lt 37 Qd 08, N. 20",,"Casa, 64.22 de área total, 64.22 de área privativa, 122.50 de área do terreno, 3 qto(s), WC, 1 sala(s), cozinha.",41935.8,74000.0,43.33,Venda Direta Online,Ver foto,NOSSA SENHORA DO SOCORRO,SE
8444405626046,"Rua 12 de Março Quadra 52 Lote 18-F, N. 511",CENTRO,"Casa, 62.90 de área total, 62.90 de área privativa, 146.00 de área do terreno, 2 qto(s), a.serv, WC, 2 sala(s), cozinha.",35302.65,63700.18,44.58,Venda Direta Online,Ver foto,NOSSA SENHORA DO SOCORRO,SE
8444405635754,"Rua I Quadra 9 Lote 4, N. 35",TAICOCA DE DENTRO,"Casa, 74.90 de área total, 74.90 de área privativa, 122.50 de área do terreno, 1 qto(s), a.serv, 1 suite(s), WC, 1 sala(s), cozinha.",49869.61,88000.0,43.33,Venda Direta Online,Ver foto,NOSSA SENHORA DO SOCORRO,SE
8444406337900,"Rua das Margaridas Lote 21-C Quadra 16, Atual nº 636",CENTRO,"Casa, 62.70 de área total, 62.70 de área privativa, 133.25 de área do terreno, 2 qto(s), varanda, WC, 1 sala(s), cozinha.",43227.61,78000.0,44.58,Venda Direta Online,Ver foto,NOSSA SENHORA DO SOCORRO,SE
8444406417394,"Rua das Margaridas Quadra 16 Lote 21-D, Atual nº 634 (laudo)",CENTRO,"Casa, 62.70 de área total, 62.70 de área privativa, 133.25 de área do terreno, 2 qto(s), a.serv, WC, 1 sala(s), cozinha.",43781.81,79000.0,44.58,Venda Direta Online,,NOSSA SENHORA DO SOCORRO,SE
8444406543683,"Rua F Quadra J Lote 162-A, N. 162-A",CENTRO,"Casa, 69.05 de área total, 69.05 de área privativa, 125.00 de área do terreno, 3 qto(s), a.serv, WC, 1 sala(s), cozinha, 1 vaga(s) de garagem.",44890.21,81000.0,44.58,Venda Direta Online,,NOSSA SENHORA DO SOCORRO,SE
8444406543942,"Rua 50 Qd A61 Lt 2320B, N. s/n, LOTE 2320B",,"Casa, 0.00 de área total, 67.50 de área privativa, 0.00 de área do terreno, 2 qto(s), varanda, a.serv, WC, 1 sala(s), cozinha.",46552.81,84000.0,44.58,Venda Direta Online,Ver foto,NOSSA SENHORA DO SOCORRO,SE
8444406635502,"R 06 DE ABRIL, bairro: Taiçoca 9A QD 77",CENTRO,"Casa, 65.84 de área total, 65.84 de área privativa, 135.00 de área do terreno, 2 qto(s), varanda, a.serv, WC, 1 sala(s), cozinha.",40802.41,72000.0,43.33,Venda Direta Online,Ver foto,NOSSA SENHORA DO SOCORRO,SE
8444406713880,"Av 2 Qd C-2, N. S/N, Atual Av 2 de Maio, 525",CENTRO,"Casa, 58.80 de área total, 58.80 de área privativa, 159.38 de área do terreno, 2 qto(s), WC, 1 sala(s), cozinha, 1 vaga(s) de garagem.",30900.72,55757.35,44.59,Venda Direta Online,,NOSSA SENHORA DO SOCORRO,SE
8444406833282,"Rua I-1 Qd 24 Lt 18, N. 65",CENTRO,"Casa, 96.00 de área total, 27.00 de área privativa, 144.00 de área do terreno, 1 qto(s), WC, 1 sala(s), cozinha.",56670.0,100000.0,43.33,Venda Direta Online,Ver foto,NOSSA SENHORA DO SOCORRO,SE
8444406997099,"Rua D, N. 19",,"Casa, 69.50 de área total, 69.50 de área privativa, 135.33 de área do terreno, 2 qto(s), varanda, a.serv, WC, 2 sala(s), cozinha.",48169.5,85000.0,43.33,Venda Direta Online,Ver foto,NOSSA SENHORA DO SOCORRO,SE
8444407015176,"Rua das Margaridas Quadra 16 Lote 29, N. 648, Atual nº 648 (laudo)",CENTRO,"Casa, 66.30 de área total, 66.30 de área privativa, 200.00 de área do terreno, 3 qto(s), WC, 1 sala(s), cozinha.",52136.41,92000.0,43.33,Venda Direta Online,,NOSSA SENHORA DO SOCORRO,SE
8444407886193,"Rua 06 de Fevereiro Lote 09 Quadra 33, N. 144",CENTRO,"Casa, 62.95 de área total, 62.95 de área privativa, 200.00 de área do terreno, 2 qto(s), a.serv, WC, 1 sala(s), cozinha.",38739.61,68360.0,43.34,Venda Direta Online,Ver foto,NOSSA SENHORA DO SOCORRO,SE
8444408089947,"TV C Conj Jardim II, N. 68, Travessa C",CENTRO,"Casa, 0.00 de área total, 192.00 de área privativa, 0.00 de área do terreno, 5 qto(s), varanda, WC, 4 sala(s), cozinha, 1 vaga(s) de garagem.",75371.11,133000.0,43.33,Venda Direta Online,Ver foto,NOSSA SENHORA DO SOCORRO,SE
8444408109077,"RUA PERIMETRAL, N. 1550, QUADRA 09 LOTE 52",CENTRO,"Casa, 62.70 de área total, 62.70 de área privativa, 178.00 de área do terreno, 2 qto(s), WC, 1 sala(s), cozinha.",38384.12,69260.39,44.58,Venda Direta Online,Ver foto,NOSSA SENHORA DO SOCORRO,SE
8444408126850,Rua 03 de Fevereiro Quadra 24 Lote 17-B,TAICOCA DE DENTRO,"Casa, 54.87 de área total, 54.87 de área privativa, 150.00 de área do terreno, 2 qto(s), WC, 1 sala(s), cozinha.",49878.01,90000.0,44.58,Venda Direta Online,,NOSSA SENHORA DO SOCORRO,SE
8444408277808,"Rua O Qd Z Lt 06, N. 50",,"Casa, 93.51 de área total, 93.51 de área privativa, 140.00 de área do terreno, 2 qto(s), varanda, a.serv, WC, 2 sala(s), cozinha.",65170.51,115000.0,43.33,Venda Direta Online,Ver foto,NOSSA SENHORA DO SOCORRO,SE
8444408338432,"Rua Perimetral Centro Lote 36 Quadra 03, N. 1345, Complexo Jardim",CENTRO,"Casa, 50.27 de área total, 50.27 de área privativa, 200.00 de área do terreno, 1 suite(s), WC, 1 sala(s), cozinha.",36835.5,65000.0,43.33,Venda Direta Online,,NOSSA SENHORA DO SOCORRO,SE
8444408657023,"R 03 DE FEVEREIRO, bairro: Taiçoca QD24 LT19B",CENTRO,"Casa, 67.17 de área total, 67.17 de área privativa, 135.00 de área do terreno, 2 qto(s), varanda, a.serv, WC, 1 sala(s), cozinha.",45226.06,81606.0,44.58,Venda Direta Online,Ver foto,NOSSA SENHORA DO SOCORRO,SE
8444408723034,"RUA 03 DE FEVEREIRO, QD24/LT21-B",,"Casa, 67.17 de área total, 67.17 de área privativa, 0.00 de área do terreno, 2 qto(s), varanda, a.serv, WC, 1 sala(s), cozinha.",44890.2,81000.0,44.58,Venda Direta Online,Ver foto,NOSSA SENHORA DO SOCORRO,SE
8444411008251,"Rua 25 Lote 04-C Quadra GO, N. 01, Complexo Jardim",CENTRO,"Casa, 60.28 de área total, 60.28 de área privativa, 125.00 de área do terreno, 1 qto(s), varanda, a.serv, 1 suite(s), WC, 1 sala(s), cozinha.",55420.0,100000.0,44.58,Venda Direta Online,Ver foto,NOSSA SENHORA DO SOCORRO,SE
8444411036000,"Travessa 02 Lote 07 Área 05, N. 07",,"Casa, 55.80 de área total, 55.80 de área privativa, 127.78 de área do terreno, 2 qto(s), varanda, WC, 1 sala(s), cozinha.",50598.46,91300.0,44.58,Venda Direta Online,Ver foto,NOSSA SENHORA DO SOCORRO,SE
8444411606337,"Rua Perimetral Centro Lote 16 Quadra 03, N. 1349, Bairro Complexo Jardim",CENTRO,"Casa, 64.80 de área total, 64.80 de área privativa, 149.69 de área do terreno, 2 qto(s), a.serv, WC, 1 sala(s), cozinha.",45998.6,83000.0,44.58,Venda Direta Online,Ver foto,NOSSA SENHORA DO SOCORRO,SE
8444412164320,"Rua 09 de Fevereiro Área 01 Quadra 39, N. 01, Bairro Complexo Jardim",CENTRO,"Casa, 66.21 de área total, 66.21 de área privativa, 133.50 de área do terreno, 2 qto(s), varanda, a.serv, WC, 2 sala(s), cozinha.",41010.8,74000.0,44.58,Venda Direta Online,,NOSSA SENHORA DO SOCORRO,SE
8444412523583,"Rua 4 de Março Qd 59 Lt 21-B, N. 137, Complexo Jardim",CENTRO,"Casa, 65.75 de área total, 65.75 de área privativa, 132.50 de área do terreno, 2 qto(s), varanda, a.serv, WC, 1 sala(s), cozinha.",47121.18,85025.58,44.58,Venda Direta Online,Ver foto,NOSSA SENHORA DO SOCORRO,SE
8444413273173,"Rua 8 DE ABRIL, N. 19, QD73LT2/3-C",,"Casa, 59.79 de área total, 59.79 de área privativa, 0.00 de área do terreno, 2 qto(s), varanda, a.serv, WC, 1 sala(s), cozinha.",44336.01,80000.0,44.58,Venda Direta Online,Ver foto,NOSSA SENHORA DO SOCORRO,SE
8444414019432,"Rua A, N. 42, Qd 3, Area 1",,"Casa, 0.00 de área total, 66.50 de área privativa, 0.00 de área do terreno, 2 qto(s), a.serv, WC, 1 sala(s), sacada, cozinha.",47661.21,86000.0,44.58,Venda Direta Online,Ver foto,NOSSA SENHORA DO SOCORRO,SE
8444414350724,"R 04 DE FEVEREIRO LT11, N. 00340, QD 25",,"Casa, 67.15 de área total, 67.15 de área privativa, 133.75 de área do terreno, 2 qto(s), varanda, a.serv, WC, 1 sala(s), cozinha.",34360.4,62000.0,44.58,Venda Direta Online,Ver foto,NOSSA SENHORA DO SOCORRO,SE
8444415649880,"Rua 04 de Fevereiro Atual Rua das Orquídeas, N. 376, Lote 01-C; Quadra 25.",,"Casa, 64.44 de área total, 64.44 de área privativa, 135.00 de área do terreno, 2 qto(s), varanda, a.serv, WC, 1 sala(s), cozinha.",42119.2,76000.0,44.58,Venda Direta Online,Ver foto,NOSSA SENHORA DO SOCORRO,SE
8444415667640,"Rua 146 Quadra IA Lote 989-B, N. 944",CENTRO,"Casa, 62.68 de área total, 62.68 de área privativa, 125.00 de área do terreno, 1 qto(s), varanda, a.serv, 1 suite(s), WC, 1 sala(s), cozinha.",54865.81,99000.0,44.58,Venda Direta Online,Ver foto,NOSSA SENHORA DO SOCORRO,SE
8444416097384,"RUA10 DE JANEIRO QUADRA 6 LOTE 18-D3, N. 18",TAICOCA DE DENTRO,"Casa, 65.98 de área total, 65.98 de área privativa, 124.48 de área do terreno, 2 qto(s), varanda, a.serv, WC, 1 sala(s), cozinha.",52094.8,94000.0,44.58,Venda Direta Online,Ver foto,NOSSA SENHORA DO SOCORRO,SE
8444417111550,"ESTRADA ANT P/ QUISSAMA AREA 03, N. 00026, LT JD GUAJARÁ - QUADRA S",,"Casa, 68.50 de área total, 68.50 de área privativa, 0.00 de área do terreno, 2 qto(s), WC, 1 sala(s), cozinha.",59853.6,108000.0,44.58,Venda Direta Online,Ver foto,NOSSA SENHORA DO SOCORRO,SE
8444417463490,"RUA 67, N. 497, LT 24-A Q91",,"Casa, 57.75 de área total, 57.75 de área privativa, 0.00 de área do terreno, 2 qto(s), varanda, a.serv, WC, 1 sala(s), cozinha.",55420.01,100000.0,44.58,Venda Direta Online,,NOSSA SENHORA DO SOCORRO,SE
8555517727431,"Rua 18 Quadra V Lote 165-A, N. 113, Atual N. 951",,"Casa, 50.14 de área total, 50.14 de área privativa, 400.00 de área do terreno, 1 qto(s), varanda, 1 suite(s), WC, 1 sala(s), cozinha.",33424.25,58000.0,42.38,Venda Direta Online,Ver foto,NOSSA SENHORA DO SOCORRO,SE
1444401902954,"Rua F, N. 55, Bairro Novo",CENTRO,"Casa, 120.30 de área total, 120.30 de área privativa, 160.00 de área do terreno, 1 qto(s), a.serv, 1 suite(s), WC, 2 sala(s), cozinha.",94183.78,145795.31,35.4,Venda Direta Online,Ver foto,PEDRINHAS,SE
1444406178120,"Rua Humberto Ferreira Dias, N. 108",CENTRO,"Casa, 118.32 de área total, 118.32 de área privativa, 143.00 de área do terreno, 3 qto(s), varanda, WC, 1 sala(s), cozinha, 1 vaga(s) de garagem.",63587.69,98432.96,35.41,Venda Direta Online,Ver foto,PEDRINHAS,SE
1444406242707,"Rodovia Pedrinhas-Boquim, N. 111, Zona Urbana",CENTRO,"Casa, 69.31 de área total, 69.31 de área privativa, 200.00 de área do terreno, 2 qto(s), varanda, a.serv, WC, 2 sala(s), cozinha.",47250.0,135000.0,65.0,Venda Online,Ver foto,PEDRINHAS,SE
1444408062420,"Av Jacira, N. 126",CENTRO,"Casa, 139.16 de área total, 139.16 de área privativa, 175.00 de área do terreno, 4 qto(s), a.serv, WC, 2 sala(s), cozinha.",62983.71,97498.0,35.4,Venda Direta Online,Ver foto,PEDRINHAS,SE
8444405932473,"Rua Existente, N. 147",CENTRO,"Casa, 67.30 de área total, 67.30 de área privativa, 140.00 de área do terreno, 3 qto(s), a.serv, WC, 1 sala(s), cozinha.",50436.3,89000.0,43.33,Venda Direta Online,Ver foto,PEDRINHAS,SE
8444410486133,"Rua E Qd 11 Lt 07, N. 58",,"Casa, 69.38 de área total, 69.38 de área privativa, 170.26 de área do terreno, 3 qto(s), a.serv, WC, 1 sala(s), cozinha.",47772.81,84300.0,43.33,Venda Direta Online,Ver foto,PEDRINHAS,SE
10007964,"Praça Padre Cícero, N. 107, Atual nº167",SITIOS NOVOS,"Casa, 196.23 de área total, 196.23 de área privativa, 137.70 de área do terreno, 4 qto(s), varanda, WC, 2 sala(s), cozinha.",100336.51,138261.69,27.43,Venda Online,,POCO REDONDO,SE
10007965,"Rua Poço Redondo, N. 167",SITIOS NOVOS,"Comercial, 197.35 de área total, 197.35 de área privativa, 0.00 de área do terreno.",128448.9,177000.0,27.43,Venda Online,,POCO REDONDO,SE
10137942,"AVENIDA JOAO MARIA DE CARVALHO, N. 108",CENTRO,"Casa, 0.00 de área total, 104.11 de área privativa, 0.00 de área do terreno.",82947.51,114300.0,27.43,Venda Direta Online,,POCO REDONDO,SE
1444407298102,"Rua Niterói, Atual nº 573 (conforme vistoria)",CENTRO,"Comercial, 236.85 de área total, 236.85 de área privativa, 513.75 de área do terreno, WC.",75890.99,170000.0,55.36,Venda Direta Online,Ver foto,POCO REDONDO,SE
1444405530920,"Rua Arnaldo Garcez, N. 390",CENTRO,"Casa, 205.83 de área total, 205.83 de área privativa, 276.00 de área do terreno, 1 qto(s), a.serv, 2 suite(s), WC, 2 sala(s), cozinha, 1 vaga(s) de garagem.",180857.82,279965.66,35.4,Venda Direta Online,Ver foto,POCO VERDE,SE
1444407399464,"Rua A Qd 06 Lt 20, N. 183, Rodovia SE-218",CENTRO,"Casa, 127.53 de área total, 127.53 de área privativa, 172.80 de área do terreno, 2 qto(s), varanda, a.serv, 1 suite(s), WC, 1 sala(s), cozinha, 1 vaga(s) de garagem.",74290.0,115000.0,35.4,Venda Direta Online,Ver foto,POCO VERDE,SE
8444406421588,"Rua F Quadra 5 Lote 37 Ro SE-218, N. 112",CENTRO,"Casa, 42.97 de área total, 42.97 de área privativa, 144.00 de área do terreno, 2 qto(s), varanda, WC, 1 sala(s), cozinha.",25184.39,44440.43,43.34,Venda Direta Online,Ver foto,POCO VERDE,SE
8444407422227,"R HERCILIO CARDOSO DA SILV, N. 00018, CASA 18A",CENTRO,"Casa, 141.13 de área total, 56.47 de área privativa, 141.13 de área do terreno, 2 qto(s), WC, 1 sala(s), cozinha, 1 vaga(s) de garagem.",51003.0,90000.0,43.33,Venda Direta Online,,POCO VERDE,SE
1444403716449,"Rua São Francisco, N. 19, Pov Lagoa da Volta",CENTRO,"Casa, 126.00 de área total, 90.00 de área privativa, 150.00 de área do terreno, 2 qto(s), a.serv, WC, 3 sala(s), cozinha, 1 vaga(s) de garagem.",58140.0,90000.0,35.4,Venda Direta Online,Ver foto,PORTO DA FOLHA,SE
1555527250079,"RUA DO BALNEÁRIO, N. S/N",,"Comercial, 420.00 de área total, 420.00 de área privativa, 1188.00 de área do terreno, a.serv, WC, 1 sala(s), piscina, cozinha.",144800.0,362000.0,60.0,Venda Direta Online,Ver foto,PORTO DA FOLHA,SE
8555509804929,"RUA PORTO DA FOLHA, N. S/N",,"Casa, 86.35 de área total, 86.35 de área privativa, 165.00 de área do terreno, 3 qto(s), WC, 1 sala(s), cozinha.",38365.6,67700.0,43.33,Venda Direta Online,,PORTO DA FOLHA,SE
10008163,Rua Manoel Candido s/n,CENTRO,"Terreno, 0.00 de área total, 0.00 de área privativa, 276.00 de área do terreno.",58056.0,80000.0,27.43,Venda Direta Online,,PROPRIA,SE
1444407466498,"Largo do Prolongamento rua Jesse Ferreira Trindade, N. S/N",CENTRO,"Terreno, 2409.78 de área total, 0.00 de área privativa, 2409.78 de área do terreno.",129200.01,200000.0,35.4,Venda Direta Online,Ver foto,PROPRIA,SE
1555522970855,"R DOM JUVENCIO DE BRITO, N. 1034, ant. R da Linha 1057",CENTRO,"Casa, 55.01 de área total, 55.01 de área privativa, 69.75 de área do terreno, 2 qto(s), WC, 2 sala(s), cozinha.",25667.81,73510.57,65.09,Venda Direta Online,Ver foto,PROPRIA,SE
8555518692429,"TV DOM JUVENCIO DE BRITTO (TV DONA MENININHA), N. 103",CENTRO,"Casa, 65.98 de área total, 65.98 de área privativa, 70.48 de área do terreno, 2 qto(s), a.serv, WC, 1 sala(s), cozinha.",21187.88,38000.0,44.25,Venda Direta Online,Ver foto,PROPRIA,SE
10008680,"Rua Frei Inocêncio Quadra I Lote 28, Lot Cidade Nova",CENTRO,"Comercial, 30.39 de área total, 30.39 de área privativa, 150.00 de área do terreno.",50073.3,69000.0,27.43,Venda Direta Online,,RIBEIROPOLIS,SE
8240500029470,"Rua Valdir Matos, N. 125, Quadra P, Lote 24",CENTRO,"Casa, 150.86 de área total, 150.86 de área privativa, 300.00 de área do terreno, 2 qto(s), varanda, a.serv, 1 suite(s), WC, 3 sala(s), cozinha.",36286.11,108000.0,66.41,Venda Direta Online,,SAO CRISTOVAO,SE
8444402314680,"Rua Manoel Otoniel dos Santos Quadra R Lote 19, N. 382",CENTRO,"Casa, 60.00 de área total, 60.00 de área privativa, 132.00 de área do terreno, 2 qto(s), varanda, WC, 1 sala(s), cozinha.",27496.92,40700.0,32.44,Venda Direta Online,Ver foto,SAO CRISTOVAO,SE
1444401953290,"Rua D Lote 195, Quadra 4",CENTRO,"Terreno, 0.00 de área total, 0.00 de área privativa, 90.00 de área do terreno.",17442.01,27000.0,35.4,Venda Direta Online,,SIMAO DIAS,SE
1444404979141,"Rua MONS JOÃO B. DE SOUZA, N. 00090",CENTRO,"Casa, 103.75 de área total, 103.75 de área privativa, 181.20 de área do terreno, 2 qto(s), a.serv, 1 suite(s), 1 sala(s), cozinha.",109820.0,170000.0,35.4,Venda Direta Online,Ver foto,SIMAO DIAS,SE
1444405635500,"AV RAIMUNDA ABREU DOS REIS, TERRENO",CENTRO,"Terreno, 312.22 de área total, 0.00 de área privativa, 312.22 de área do terreno.",41990.0,65000.0,35.4,Venda Direta Online,,SIMAO DIAS,SE
8444411545176,Travessa Conjunto Santa Tereza s/n,CENTRO,"Casa, 91.36 de área total, 91.36 de área privativa, 0.00 de área do terreno, 3 qto(s), WC, 1 sala(s), cozinha.",44673.31,78830.6,43.33,Venda Direta Online,Ver foto,SIRIRI,SE
10006587,"AV ROTARY CLUB, N. 190",CENTRO,"Loja, 712.00 de área total, 712.00 de área privativa, 1200.00 de área do terreno, 1 qto(s), varanda, a.serv, 1 suite(s), WC, 1 sala(s), cozinha.",474607.8,654000.0,27.43,Venda Direta Online,,TOBIAS BARRETO,SE
10012310,"Rua Elias Felipe, N. 259, Bairro Campos",CENTRO,"Casa, 121.47 de área total, 121.47 de área privativa, 138.00 de área do terreno, 3 qto(s), a.serv, WC, 3 sala(s), 1 vaga(s) de garagem.",109579.62,150998.51,27.43,Venda Direta Online,,TOBIAS BARRETO,SE
1444401471716,"Rua Luiz Batista Ramos, N. 246, Antiga R 36, Qd 41, Lt 15, Macaé",CENTRO,"Casa, 57.10 de área total, 57.10 de área privativa, 144.62 de área do terreno, 2 qto(s), a.serv, WC, 1 sala(s), cozinha.",62016.0,96000.0,35.4,Venda Direta Online,Ver foto,TOBIAS BARRETO,SE
1444402893770,"Rua Agnaldo Alves de Souza, N. 116, Centro",CENTRO,"Casa, 96.00 de área total, 96.00 de área privativa, 112.68 de área do terreno, 3 qto(s), WC, sacada, cozinha.",69768.01,108000.0,35.4,Venda Direta Online,,TOBIAS BARRETO,SE
1444403779190,"Rua Antonio Alves de Oliveira, N. 74, Qd 44",CENTRO,"Casa, 63.27 de área total, 63.27 de área privativa, 143.50 de área do terreno, 2 qto(s), varanda, a.serv, WC, 1 sala(s), cozinha.",58140.0,90000.0,35.4,Venda Direta Online,Ver foto,TOBIAS BARRETO,SE
1444406202837,"Rua 23 Quadra 18 Lote 930 (atual 23) s/n, N. 23",CENTRO,"Terreno, 0.00 de área total, 0.00 de área privativa, 180.00 de área do terreno.",38760.01,60000.0,35.4,Venda Direta Online,,TOBIAS BARRETO,SE
1444407822693,"Trav Valmir Conceição Santos (MEABI) Antiga Rua 07, N. 141, Quadra 39, Lote 500",CENTRO,"Casa, 94.45 de área total, 94.45 de área privativa, 200.00 de área do terreno, 2 qto(s), varanda, a.serv, 1 suite(s), WC, 1 sala(s), cozinha, 1 vaga(s) de garagem.",101579.61,157243.96,35.4,Venda Direta Online,,TOBIAS BARRETO,SE
1444408075212,"R JOAO BATISTA DE ARAUJO, N. 112",CENTRO,"Casa, 256.00 de área total, 256.00 de área privativa, 0.00 de área do terreno, WC, 1 sala(s).",174635.41,270333.44,35.4,Venda Direta Online,Ver foto,TOBIAS BARRETO,SE
8444401654371,"Rua João Batista dos Santos s/n, Rua 35, Qd 37, Lt 04",CENTRO,"Casa, 58.95 de área total, 58.95 de área privativa, 140.00 de área do terreno, 2 qto(s), varanda, a.serv, WC, 1 sala(s), cozinha.",50986.41,92000.0,44.58,Venda Direta Online,,TOBIAS BARRETO,SE
8444401747337,"Rua 35 Lote 11 Quadra 37, Atual R João Batista dos Santos, 750",CENTRO,"Casa, 57.10 de área total, 57.10 de área privativa, 1.40 de área do terreno, 2 qto(s), varanda, WC, 1 sala(s), cozinha.",49195.79,88769.0,44.58,Venda Direta Online,Ver foto,TOBIAS BARRETO,SE
8444402368038,"R LUIZ BATISTA (antiga R 36), N. 221, LOTE 23, QUADRA 37 MACAÉ",CENTRO,"Casa, 63.00 de área total, 63.00 de área privativa, 140.00 de área do terreno, 2 qto(s), varanda, WC, 1 sala(s), cozinha.",45998.6,83000.0,44.58,Venda Direta Online,Ver foto,TOBIAS BARRETO,SE
8444403592047,"Rua Luiz Batista Ramos (Antigo Luiz Alfredo), N. 197, Quadra 37, Lote 27",CENTRO,"Casa, 58.34 de área total, 58.34 de área privativa, 0.00 de área do terreno, 1 qto(s), varanda, 1 suite(s), WC, 1 sala(s), cozinha.",42640.16,76940.0,44.58,Venda Direta Online,,TOBIAS BARRETO,SE
8444403837473,"R 38 LT 17 QD41, BAIRRO: MACAÉ",CENTRO,"Casa, 58.34 de área total, 58.34 de área privativa, 149.95 de área do terreno, 2 qto(s), varanda, a.serv, WC, 1 sala(s), cozinha.",41565.01,75000.0,44.58,Venda Direta Online,,TOBIAS BARRETO,SE
8444404060618,"Rua 40 Quadra 45 Lote 38, N. 104, Rua antonio alves de oliveira, antiga",CENTRO,"Casa, 58.34 de área total, 58.34 de área privativa, 143.50 de área do terreno, 2 qto(s), WC, 1 sala(s), cozinha.",43323.91,78173.77,44.58,Venda Direta Online,Ver foto,TOBIAS BARRETO,SE
8444407385097,"RUA JOSE DE SOUZA SANTOS ANTIGA R 24, N. 128, lt 15 Qd 18",CENTRO,"Casa, 53.28 de área total, 53.28 de área privativa, 164.12 de área do terreno, 2 qto(s), a.serv, WC, 1 sala(s), cozinha, 1 vaga(s) de garagem.",58691.34,105902.79,44.58,Venda Direta Online,Ver foto,TOBIAS BARRETO,SE
8444407459945,"Travessa Josefa Jocenilde Pereira Santos, N. 39, Antiga Rua A, Quadra 01, Lote 14",CENTRO,"Casa, 53.28 de área total, 53.28 de área privativa, 160.00 de área do terreno, 2 qto(s), varanda, a.serv, WC, 1 sala(s), cozinha.",50986.4,92000.0,44.58,Venda Direta Online,,TOBIAS BARRETO,SE
8444407592637,Av Rev. Horaci Junior Quadra 1 Lote 21,CENTRO,"Casa, 53.28 de área total, 53.28 de área privativa, 140.00 de área do terreno, 2 qto(s), varanda, a.serv, WC, 1 sala(s), cozinha.",42673.41,77000.0,44.58,Venda Direta Online,Ver foto,TOBIAS BARRETO,SE
8444407847406,"Rua João Batista dos Santos, N. 729, Bairro Macaé",CENTRO,"Casa, 53.28 de área total, 53.28 de área privativa, 143.50 de área do terreno, 2 qto(s), a.serv, WC, 1 sala(s), cozinha, 1 vaga(s) de garagem.",59853.61,108000.0,44.58,Venda Direta Online,Ver foto,TOBIAS BARRETO,SE
8444407970429,"AV REVERENDO HORACI GRELLEY WILLIAMS JUNIOR, N. S/N, LT 52 QD 02",CENTRO,"Casa, 140.00 de área total, 53.28 de área privativa, 0.00 de área do terreno, 2 qto(s), varanda, a.serv, WC, 1 sala(s), cozinha.",49878.01,90000.0,44.58,Venda Direta Online,Ver foto,TOBIAS BARRETO,SE
8444408046377,"Rua 36 Qd 40 Lt 08, N. 26, Atual Rua Luis Batista Ramos",CENTRO,"Casa, 63.27 de área total, 63.27 de área privativa, 144.62 de área do terreno, 2 qto(s), varanda, WC, 1 sala(s), cozinha.",47535.88,85773.87,44.58,Venda Direta Online,Ver foto,TOBIAS BARRETO,SE
8444408170094,"R Fernando Antonio dos Santos, N. 1620, bairro: SANTOS DUMONT QD 1 LT 7",CENTRO,"Casa, 63.27 de área total, 63.27 de área privativa, 140.00 de área do terreno, 2 qto(s), varanda, a.serv, WC, 1 sala(s), cozinha.",55420.01,100000.0,44.58,Venda Direta Online,Ver foto,TOBIAS BARRETO,SE
8444408170760,"R Fernando Antonio dos Santos (ant R Principal 1), N. 1614, Part Urb Casa Grande I, Qd 01, Lt 06",CENTRO,"Casa, 63.27 de área total, 63.27 de área privativa, 140.00 de área do terreno, 2 qto(s), a.serv, WC, 1 sala(s), cozinha.",36023.01,65000.0,44.58,Venda Direta Online,Ver foto,TOBIAS BARRETO,SE
8444408330342,"AV REVERENDO HORACI JUNIOR, QD 01 LT 22",CENTRO,"Casa, 0.00 de área total, 53.28 de área privativa, 0.00 de área do terreno, 2 qto(s), varanda, a.serv, WC, 1 sala(s), cozinha.",38239.81,69000.0,44.58,Venda Direta Online,,TOBIAS BARRETO,SE
8444408734915,"Rua Dr. Braz Melo Costa, N. 46",CENTRO,"Casa, 132.00 de área total, 132.00 de área privativa, 168.00 de área do terreno, 2 qto(s), a.serv, WC, 1 sala(s), cozinha.",53269.81,94000.0,43.33,Venda Direta Online,Ver foto,TOBIAS BARRETO,SE
8444410178382,"Rua 08 Quadra 34 Lote 428, Bairro Bela Vista",CENTRO,"Casa, 59.98 de área total, 59.98 de área privativa, 180.00 de área do terreno, 1 qto(s), varanda, a.serv, 1 suite(s), WC, 1 sala(s), cozinha.",56978.42,102812.0,44.58,Venda Direta Online,Ver foto,TOBIAS BARRETO,SE
8444402302061,"Rua A Qd I Lt 08, N. 77",CENTRO,"Casa, 70.00 de área total, 70.00 de área privativa, 108.00 de área do terreno, 3 qto(s), varanda, a.serv, WC, 1 sala(s), cozinha, 1 vaga(s) de garagem.",34360.41,62000.0,44.58,Venda Direta Online,Ver foto,TOMAR DO GERU,SE
8444403470561,"Rua B, N. 120",CENTRO,"Casa, 70.00 de área total, 70.00 de área privativa, 120.00 de área do terreno, 2 qto(s), a.serv, 1 suite(s), WC, 1 sala(s), cozinha, 1 vaga(s) de garagem.",39348.2,71000.0,44.58,Venda Direta Online,Ver foto,TOMAR DO GERU,SE
8444404965149,"Rua B, N. 92",CENTRO,"Casa, 0.00 de área total, 70.00 de área privativa, 0.00 de área do terreno, 3 qto(s), a.serv, WC, 1 sala(s), cozinha, 1 vaga(s) de garagem.",51540.61,93000.0,44.58,Venda Direta Online,Ver foto,TOMAR DO GERU,SE
8444407014439,"R NOVA PROJETADA G LOTE 02, N. 34",CENTRO,"Casa, 70.00 de área total, 70.00 de área privativa, 102.00 de área do terreno, 3 qto(s), a.serv, WC, 1 sala(s), cozinha.",52289.41,92270.0,43.33,Venda Direta Online,Ver foto,TOMAR DO GERU,SE
8444407559338,"Rua Projetada C - 69 Lote 27, Atual R Alfeu Moreira Guimaraes, 100",CENTRO,"Casa, 70.00 de área total, 70.00 de área privativa, 108.00 de área do terreno, 2 qto(s), varanda, WC, 1 sala(s), cozinha.",39669.01,70000.0,43.33,Venda Direta Online,Ver foto,TOMAR DO GERU,SE
8444408096358,"R ALFEU MOREIRA GUIMARAES, N. 68, QUADRA D LOTE 11",CENTRO,"Casa, 70.00 de área total, 70.00 de área privativa, 102.00 de área do terreno, 2 qto(s), a.serv, WC, 1 sala(s), cozinha, 1 vaga(s) de garagem.",42502.5,75000.0,43.33,Venda Direta Online,Ver foto,TOMAR DO GERU,SE
8444408133423,"Rua Alfeu Moreira Guimarães, N. 92, Quadra D, Lote 15",CENTRO,"Casa, 70.00 de área total, 70.00 de área privativa, 102.00 de área do terreno, 2 qto(s), a.serv, WC, 1 sala(s), cozinha, 1 vaga(s) de garagem.",53836.51,95000.0,43.33,Venda Direta Online,Ver foto,TOMAR DO GERU,SE
8444408133954,"Rua Alfeu Moreira Guimarães, N. 74, Quadra D, Lote 12",CENTRO,"Casa, 70.00 de área total, 70.00 de área privativa, 102.00 de área do terreno, 2 qto(s), a.serv, WC, 1 sala(s), cozinha, 1 vaga(s) de garagem.",48169.51,85000.0,43.33,Venda Direta Online,Ver foto,TOMAR DO GERU,SE
8444408459264,"Rua Senhor do Bonfim, N. 330-A, PAVIMENTO SUPERIOR",CENTRO,"Casa, 112.00 de área total, 112.00 de área privativa, 0.00 de área do terreno, 3 qto(s), varanda, a.serv, WC, 1 sala(s), cozinha.",52855.1,93268.22,43.34,Venda Direta Online,,TOMAR DO GERU,SE
8444409803201,"R MARIA HELENA DO NASCIMENTO, N. 63",CENTRO,"Casa, 70.00 de área total, 70.00 de área privativa, 102.00 de área do terreno, 2 qto(s), a.serv, WC, 1 sala(s), cozinha, 1 vaga(s) de garagem.",44542.62,78600.0,43.33,Venda Direta Online,Ver foto,TOMAR DO GERU,SE
8444409837572,"Rua Maria Helena da Silva Nascimento, N. 93",CENTRO,"Casa, 70.00 de área total, 70.00 de área privativa, 102.00 de área do terreno, 2 qto(s), a.serv, WC, 1 sala(s), cozinha, 1 vaga(s) de garagem.",39669.01,70000.0,43.33,Venda Direta Online,,TOMAR DO GERU,SE
8444409853896,"Rua Maria Helena da Silva Nascimento, N. 24, Quadra F, Lote 04",CENTRO,"Casa, 69.91 de área total, 69.91 de área privativa, 102.00 de área do terreno, 2 qto(s), a.serv, WC, 1 sala(s), cozinha, 1 vaga(s) de garagem.",45336.01,83109.15,45.46,Venda Direta Online,,TOMAR DO GERU,SE
8444409898415,"Rua Maria Helena da Silva Nascimento, N. 36, Quadra F, Lote 6",CENTRO,"Casa, 70.00 de área total, 70.00 de área privativa, 102.00 de área do terreno, 2 qto(s), a.serv, WC, 1 sala(s), cozinha, 1 vaga(s) de garagem.",49869.6,88000.0,43.33,Venda Direta Online,,TOMAR DO GERU,SE
8444409930483,"Rua Maria Helena da Silva Nascimento Qd F Lt 05, N. 30",CENTRO,"Casa, 70.00 de área total, 70.00 de área privativa, 102.00 de área do terreno, 2 qto(s), a.serv, WC, 1 sala(s), cozinha, 1 vaga(s) de garagem.",41565.01,75000.0,44.58,Venda Direta Online,Ver foto,TOMAR DO GERU,SE
8444409971449,"R MARIA H S NASCIMENTO, N. 00069, LT 30 QD D",CENTRO,"Casa, 70.00 de área total, 70.00 de área privativa, 102.00 de área do terreno, 2 qto(s), a.serv, WC, 1 sala(s), cozinha, 1 vaga(s) de garagem.",41565.0,75000.0,44.58,Venda Direta Online,Ver foto,TOMAR DO GERU,SE
8444410017800,"R MARIA HELENA DO NASCIMENTO, N. 00087, Lote 33",CENTRO,"Casa, 70.00 de área total, 70.00 de área privativa, 102.00 de área do terreno, 2 qto(s), a.serv, WC, 1 sala(s), cozinha, 1 vaga(s) de garagem.",39625.31,71500.0,44.58,Venda Direta Online,Ver foto,TOMAR DO GERU,SE
8444410103897,"Rua Maria Helena da Silva Nascimento, N. 99",CENTRO,"Casa, 70.00 de área total, 70.00 de área privativa, 102.00 de área do terreno, 2 qto(s), WC, 1 sala(s), cozinha, 1 vaga(s) de garagem.",38239.8,69000.0,44.58,Venda Direta Online,Ver foto,TOMAR DO GERU,SE
8444410541975,"Rua Maria Helena da Silva Nascimento, N. 111, Lote 37",CENTRO,"Casa, 70.00 de área total, 70.00 de área privativa, 102.00 de área do terreno, 2 qto(s), a.serv, WC, 1 sala(s), cozinha, 1 vaga(s) de garagem.",44336.0,80000.0,44.58,Venda Direta Online,Ver foto,TOMAR DO GERU,SE
8444411283422,"Rua Eunice Simões Oliveira Qd H Lt 14, N. 39",CENTRO,"Casa, 70.00 de área total, 70.00 de área privativa, 108.00 de área do terreno, 3 qto(s), WC, 1 sala(s), cozinha.",45336.0,80000.0,43.33,Venda Direta Online,Ver foto,TOMAR DO GERU,SE
8444411293258,"Rua Eunice Simões Oliveira Qd H Lt 13, N. 45",CENTRO,"Casa, 70.00 de área total, 70.00 de área privativa, 108.00 de área do terreno, 2 qto(s), a.serv, WC, 1 sala(s), cozinha, 1 vaga(s) de garagem.",44202.6,78000.0,43.33,Venda Direta Online,Ver foto,TOMAR DO GERU,SE
8444412279020,"Rua Claudiana Izaias dos Santos Quadra 3 Lote 47, N. 34",CENTRO,"Casa, 70.00 de área total, 70.00 de área privativa, 126.00 de área do terreno, 3 qto(s), a.serv, WC, 1 sala(s), cozinha, 1 vaga(s) de garagem.",41010.8,74000.0,44.58,Venda Direta Online,Ver foto,TOMAR DO GERU,SE
8444412332168,"R CLAUDIANA IZAIAS DOS SANTOS, N. 74",CENTRO,"Casa, 70.00 de área total, 70.00 de área privativa, 126.00 de área do terreno, 3 qto(s), a.serv, WC, 1 sala(s), cozinha, 1 vaga(s) de garagem.",47661.2,86000.0,44.58,Venda Direta Online,Ver foto,TOMAR DO GERU,SE
8444412667909,"Rua Eunice Simões Oliveira, N. 63, Quadra H, Lote 10",CENTRO,"Casa, 70.00 de área total, 70.00 de área privativa, 114.00 de área do terreno, 3 qto(s), a.serv, WC, 1 sala(s), cozinha, 1 vaga(s) de garagem.",39902.41,72000.0,44.58,Venda Direta Online,,TOMAR DO GERU,SE
8444412678595,"Rua Eunice Simões Oliveira, N. 57",CENTRO,"Casa, 70.00 de área total, 70.00 de área privativa, 1.14 de área do terreno, 3 qto(s), WC, 1 sala(s), cozinha, 1 vaga(s) de garagem.",45444.41,82000.0,44.58,Venda Direta Online,Ver foto,TOMAR DO GERU,SE
8444413997317,"Rua Claudiana Izaias dos Santos, N. 49, Quadra I, Lote 7",CENTRO,"Casa, 70.00 de área total, 70.00 de área privativa, 126.00 de área do terreno, 3 qto(s), a.serv, WC, 1 sala(s), cozinha, 1 vaga(s) de garagem.",36169.58,65264.49,44.59,Venda Direta Online,,TOMAR DO GERU,SE
8444414245211,"Rua Claudiana Izaias dos Santos, N. 74, Quadra 02, Lote 52A",CENTRO,"Casa, 70.00 de área total, 70.00 de área privativa, 108.00 de área do terreno, 3 qto(s), a.serv, WC, 1 sala(s), cozinha, 1 vaga(s) de garagem.",38239.81,69000.0,44.58,Venda Direta Online,,TOMAR DO GERU,SE
1444403327868,"Rua 1º de Maio, N. 175, Qd F",CENTRO,"Terreno, 0.00 de área total, 0.00 de área privativa, 154.50 de área do terreno.",14212.0,22000.0,35.4,Venda Direta Online,,UMBAUBA,SE
1444403677630,"Rua 1º de Maio, N. S/N, LT155 (RUA INTERNA 06)",,"Terreno, 0.00 de área total, 0.00 de área privativa, 154.50 de área do terreno.",12790.8,19800.0,35.4,Venda Direta Online,Ver foto,UMBAUBA,SE
1444404195680,Rua 1º de Maio Qd F Lt 154,CENTRO,"Terreno, 154.19 de área total, 154.19 de área privativa, 154.19 de área do terreno.",14256.15,22068.34,35.4,Venda Direta Online,,UMBAUBA,SE
1444407050437,"Rua Primeiro de Maio, N. 97, Quadra D, Lote 97",CENTRO,"Terreno, 145.34 de área total, 0.00 de área privativa, 145.34 de área do terreno.",15019.51,23250.0,35.4,Venda Direta Online,,UMBAUBA,SE
