link,endereco,bairro,descricao,preco,valor,desconto,modalidade,foto,cidade,estado,data
1444406854605,"R VISCONDE DE TAUNAY, N. S/N, QUADRA H LT11",,"Terreno, 0.00 de área total, 2652.00 de área privativa, 2652.00 de área do terreno.",324632.01,440000.0,26.22,Venda Direta Online,Ver foto,AQUIRAZ,CE,2021-08-04 00:14:30.752494
1444410140050,"RUA LONDRINA, N. S/N, QUADRA C LOTES 23 AO 32 TUPUIÚ",,"Terreno, 0.00 de área total, 0.00 de área privativa, 4550.00 de área do terreno.",261950.0,403000.0,35.0,Venda Direta Online,Ver foto,AQUIRAZ,CE,2021-08-04 00:14:30.752494
1555520777713,"QD M-14 - LOT SOL E VIDA - 2ª ETAPA, 1 TERRENO COM 2 LOTES",,"Terreno, 0.00 de área total, 0.00 de área privativa, 3438.00 de área do terreno.",200967.07,309000.0,34.97,Venda Online,Ver foto,BEBERIBE,CE,2021-08-04 00:14:30.752494
1444407560338,"R TEÓFILO DA COSTA FILHO (BAIRRO ALTO DA QUEIROZ), N. S/N, FUNDOS PARA A R F ESQ R PROJETADA D",,"Terreno, 0.00 de área total, 0.00 de área privativa, 4076.14 de área do terreno.",177650.0,275000.0,35.4,Venda Direta Online,Ver foto,BOA VIAGEM,CE,2021-08-04 00:14:30.752494
1444407193246,"R PREFEITO JOAQUIM LEITE DE ARAUJO, N. 00022, ANTIGA TRAV ANTONIO MARCELINO COSTA",CENTRO,"Casa, 0.00 de área total, 145.68 de área privativa, 152.43 de área do terreno, 2 qto(s), WC, 1 sala(s), cozinha.",114816.35,193000.0,40.51,Venda Direta Online,Ver foto,BREJO SANTO,CE,2021-08-04 00:14:30.752494
8444408067749,"R JOAO GOMES BASILIO, N. 49",,"Casa, 0.00 de área total, 89.00 de área privativa, 100.00 de área do terreno, 2 qto(s), a.serv, WC, 1 sala(s), cozinha.",64037.11,113000.0,43.33,Venda Direta Online,Ver foto,BREJO SANTO,CE,2021-08-04 00:14:30.752494
8444408984148,"RUA PROJETADA, N. 60, VILA RIO",,"Casa, 0.00 de área total, 98.40 de área privativa, 150.00 de área do terreno, 3 qto(s), WC, 1 sala(s), 1 vaga(s) de garagem.",48769.6,88000.0,44.58,Venda Direta Online,Ver foto,CAMPOS SALES,CE,2021-08-04 00:14:30.752494
1555533997490,"R JOÃO NOGUEIRA, N. 32",,"Comercial, 0.00 de área total, 280.00 de área privativa, 343.00 de área do terreno.",159955.2,288000.0,44.46,Venda Direta Online,Ver foto,CAPISTRANO,CE,2021-08-04 00:14:30.752494
1555528723060,"SITIO POÇO, N. S/N, A 25 KM DO CENTRO DA CIDADE",,"Gleba, 0.00 de área total, 661000.00 de área privativa, 661000.00 de área do terreno.",181500.0,330000.0,45.0,Venda Direta Online,Ver foto,CARIRIACU,CE,2021-08-04 00:14:30.752494
8444411205677,"R G, N. 1063, QD 10 LT 25",,"Casa, 0.00 de área total, 90.32 de área privativa, 150.00 de área do terreno, 2 qto(s), a.serv, WC, 1 sala(s), sacada, cozinha.",76479.6,138000.0,44.58,Venda Direta Online,Ver foto,CASCAVEL,CE,2021-08-04 00:14:30.752494
1555526208150,"R FRANCISCO CALISTO DOS SANTOS, N. 0",CENTRO,"Casa, 139.94 de área total, 69.97 de área privativa, 69.97 de área do terreno.",66648.0,120000.0,44.46,Venda Direta Online,Ver foto,CATUNDA,CE,2021-08-04 00:14:30.752494
1444405324572,"AV PROFESSORA LETICIA MARQUES CAVALCANTE, N. 01659",CAPUAN,"Casa, 420.00 de área total, 222.00 de área privativa, 0.00 de área do terreno, 5 qto(s), a.serv, WC, 1 sala(s), sacada, cozinha.",198968.0,308000.0,35.4,Venda Direta Online,Ver foto,CAUCAIA,CE,2021-08-04 00:14:30.752494
1555533226532,"RUA POTIGUAR, N. S/N, LOT GARROTE VILLAGE II QD37 LT11,12",GARROTE,"Terreno, 0.00 de área total, 1350.00 de área privativa, 1350.00 de área do terreno.",103793.41,162000.0,35.93,Venda Direta Online,Ver foto,CAUCAIA,CE,2021-08-04 00:14:30.752494
18362,"AVENIDA LESTE (ANTIGA 01) LOTES 01 A 20 QD 15, LOT PLANICIE DO PECEM - MATOES",CUMBUCO,"Terreno, 0.00 de área total, 0.00 de área privativa, 9600.00 de área do terreno.",279600.0,466000.0,40.0,Venda Direta Online,Ver foto,CAUCAIA,CE,2021-08-04 00:14:30.752494
8444404556028,"R GOV PLÁCIDO ADERALDO CASTELO, N. 104, Apto 202",CAPUAN,"Apartamento, 0.00 de área total, 57.33 de área privativa, 0.00 de área do terreno, 2 qto(s), a.serv, WC, 1 sala(s), sacada, cozinha.",65963.88,116400.0,43.33,Venda Direta Online,Ver foto,CAUCAIA,CE,2021-08-04 00:14:30.752494
8444407537768,"R PORTO VELHO, N. 1927, Apto 203, QD 56 BL 14",,"Apartamento, 0.00 de área total, 50.56 de área privativa, 0.00 de área do terreno, 2 qto(s), a.serv, WC, 1 sala(s), cozinha.",39669.0,70000.0,43.33,Venda Direta Online,,CAUCAIA,CE,2021-08-04 00:14:30.752494
10011664,"RUA ZÉ PAGÉ, N. 329",CENTRO,"Comercial, 0.00 de área total, 276.19 de área privativa, 0.00 de área do terreno.",229964.81,350000.0,34.3,Venda Direta Online,,CEDRO,CE,2021-08-04 00:14:30.752494
1444407165765,"R ALEXANDRE BONFIM, N. 80",,"Casa, 0.00 de área total, 318.88 de área privativa, 419.95 de área do terreno, 4 qto(s), a.serv, WC, 1 sala(s), sacada, cozinha.",144704.0,224000.0,35.4,Venda Direta Online,Ver foto,CRATEUS,CE,2021-08-04 00:14:30.752494
1555514399230,"R CAPITAO CASTRO, N. 1284",,"Casa, 0.00 de área total, 134.40 de área privativa, 190.50 de área do terreno, 1 qto(s), varanda, a.serv, 2 suite(s), 1 sala(s), cozinha, 2 vaga(s) de garagem.",92554.59,142000.0,34.83,Venda Direta Online,Ver foto,CRATEUS,CE,2021-08-04 00:14:30.752494
10002260,"RUA TABELIAO JOSE FIGUEIREDO, N. 123, BLOCO 01, UNID 01, RES KARIRI",NOVO HORIZONTE,"Apartamento, 140.15 de área total, 82.65 de área privativa, 5000.00 de área do terreno, 2 qto(s), varanda, a.serv, 1 suite(s), WC, 1 sala(s), cozinha, 1 vaga(s) de garagem.",188682.0,260000.0,27.43,Venda Direta Online,Ver foto,CRATO,CE,2021-08-04 00:14:30.752494
8444404702628,"TV ANTONIO FLORENTINO DE QUEIROZ, N. 618",CENTRO,"Casa, 0.00 de área total, 138.75 de área privativa, 276.13 de área do terreno, 2 qto(s), a.serv, WC, 1 sala(s), cozinha.",53836.51,95000.0,43.33,Venda Direta Online,Ver foto,ERERE,CE,2021-08-04 00:14:30.752494
10003185,"RUA MARIO LINHARES LTS 4/5/6 P LT 7, N. LT A, FZ SAO PAULO PQ AGUA FRIA QD 159",SAPIRANGA-COITE,"Terreno, 0.00 de área total, 0.00 de área privativa, 1680.00 de área do terreno.",366300.0,666000.0,45.0,Venda Direta Online,Ver foto,FORTALEZA,CE,2021-08-04 00:14:30.752494
10003868,"R FRANCISCO TEIXEIRA DE ALCANTARA, N. 500, UNID 12, CASA 12 COND. DUNAS VILLE",PRAIA DO FUTURO I,"Casa, 312.97 de área total, 304.94 de área privativa, 0.00 de área do terreno, 5 qto(s), a.serv, WC, WC Emp, 1 sala(s), DCE, sacada, cozinha.",885592.35,1240000.0,28.59,Venda Direta Online,Ver foto,FORTALEZA,CE,2021-08-04 00:14:30.752494
10003874,"R JOSE FACANHA, N. 247",RODOLFO TEOFILO,"Casa, 0.00 de área total, 192.34 de área privativa, 165.00 de área do terreno.",352690.2,486000.0,27.43,Venda Direta Online,Ver foto,FORTALEZA,CE,2021-08-04 00:14:30.752494
10004412,"AV VISCONDE DO RIO BRANCO, N. 1944",JOAQUIM TAVORA,"Comercial, 0.00 de área total, 322.00 de área privativa, 405.95 de área do terreno.",704482.65,970762.92,27.44,Venda Direta Online,Ver foto,FORTALEZA,CE,2021-08-04 00:14:30.752494
10004674,"RUA IEDA PEREIRA, N. 739, LOTE 12B",PARQUE MANIBURA,"Casa, 0.00 de área total, 130.00 de área privativa, 217.80 de área do terreno, 2 qto(s), varanda, 1 suite(s), WC, WC Emp, 1 sala(s), cozinha.",239481.0,330000.0,27.43,Venda Direta Online,Ver foto,FORTALEZA,CE,2021-08-04 00:14:30.752494
10004871,"R LAURO MAIA, N. 933, LOJA 9",FATIMA,"Loja, 58.46 de área total, 56.87 de área privativa, 0.00 de área do terreno.",177000.0,354000.0,50.0,Venda Direta Online,,FORTALEZA,CE,2021-08-04 00:14:30.752494
10004872,"R LAURO MAIA, N. 935, Loja 935 (antiga 05)",FATIMA,"Loja, 58.46 de área total, 56.87 de área privativa, 35.95 de área do terreno.",145865.7,201000.0,27.43,Venda Direta Online,,FORTALEZA,CE,2021-08-04 00:14:30.752494
10006107,"R JOAO MELO, N. 250",DAMAS,"Casa, 0.00 de área total, 193.60 de área privativa, 338.80 de área do terreno.",217710.0,300000.0,27.43,Venda Direta Online,Ver foto,FORTALEZA,CE,2021-08-04 00:14:30.752494
10006163,"BR 116 LOTES 20 E 21 QD D, N. S/N, (R NUNES FEIJO, 600)",MESSEJANA,"Terreno, 0.00 de área total, 0.00 de área privativa, 792.00 de área do terreno.",207777.56,328000.0,36.66,Venda Direta Online,Ver foto,FORTALEZA,CE,2021-08-04 00:14:30.752494
10006456,"AV CARAPINIMA, N. 1774",BENFICA,"Comercial, 0.00 de área total, 0.00 de área privativa, 615.39 de área do terreno.",889000.0,1270000.0,30.0,Venda Direta Online,Ver foto,FORTALEZA,CE,2021-08-04 00:14:30.752494
10006457,R PRINCESA ISABEL (1833),CENTRO,"Comercial, 0.00 de área total, 0.00 de área privativa, 352.08 de área do terreno.",342000.0,570000.0,40.0,Venda Direta Online,Ver foto,FORTALEZA,CE,2021-08-04 00:14:30.752494
10137900,"RUA ISABEL SALES, N. 305 305A, numeros 305 e 305A",PEDRAS,"Casa, 0.00 de área total, 352.00 de área privativa, 0.01 de área do terreno.",1121400.0,1602000.0,30.0,Venda Direta Online,,FORTALEZA,CE,2021-08-04 00:14:30.752494
1444405161126,"RUA SEBASTIAO DE ABREU, N. SN, QD 26 LTD 273,275,277,279,281,283,285,",MARAPONGA,"Terreno, 0.00 de área total, 0.00 de área privativa, 4356.00 de área do terreno.",1950000.0,2600000.0,25.0,Venda Online,Ver foto,FORTALEZA,CE,2021-08-04 00:14:30.752494
1444406325793,"TRAVESSA SANTO ANTONIO, N. 38, ETAPA 1",PAUPINA,"Comercial, 0.00 de área total, 396.00 de área privativa, 396.00 de área do terreno.",380800.0,544000.0,30.0,Venda Online,Ver foto,FORTALEZA,CE,2021-08-04 00:14:30.752494
1444406465013,"AV HERACLITO GRACA, N. 653, SALA 503",CENTRO,"Sala, 0.00 de área total, 25.88 de área privativa, 414.00 de área do terreno, 1 sala(s), 1 lavabo(s).",99603.0,135000.0,26.22,Venda Direta Online,Ver foto,FORTALEZA,CE,2021-08-04 00:14:30.752494
1444406792480,"RUA C, N. 60, QUADRA 05 LOTE 03",SIQUEIRA,"Casa, 0.00 de área total, 154.60 de área privativa, 442.00 de área do terreno, varanda, a.serv, 2 suite(s), WC Emp, 1 sala(s), cozinha.",164084.01,254000.0,35.4,Venda Direta Online,Ver foto,FORTALEZA,CE,2021-08-04 00:14:30.752494
1444407447523,"R MINISTRO PETRONIO PORTELA, N. 154",EDSON QUEIROZ,"Casa, 0.00 de área total, 169.75 de área privativa, 177.00 de área do terreno, 4 qto(s), varanda, a.serv, WC, 1 sala(s), DCE, cozinha.",357884.0,554000.0,35.4,Venda Direta Online,Ver foto,FORTALEZA,CE,2021-08-04 00:14:30.752494
1444408349304,"R MIRACEL, N. 1794",SIQUEIRA,"Casa, 0.00 de área total, 75.56 de área privativa, 240.00 de área do terreno, 2 qto(s), a.serv, WC, 1 sala(s), cozinha.",87210.0,135000.0,35.4,Venda Online,Ver foto,FORTALEZA,CE,2021-08-04 00:14:30.752494
1444408730601,"NEREIDE, N. 3778, QD 152 LT 20",GRANJA PORTUGAL,"Casa, 0.00 de área total, 56.40 de área privativa, 198.00 de área do terreno, 2 qto(s), WC, sacada.",80750.0,125000.0,35.4,Venda Online,Ver foto,FORTALEZA,CE,2021-08-04 00:14:30.752494
1555510874066,"RUA SANDRA GENTIL (ANTES R FREI JOSE MARIA), N. 1696, LT 14 QD 156 LOT PARQUE AGUA FRIA",EDSON QUEIROZ,"Casa, 0.00 de área total, 130.00 de área privativa, 260.00 de área do terreno.",142120.01,220000.0,35.4,Venda Online,Ver foto,FORTALEZA,CE,2021-08-04 00:14:30.752494
18242,"RUA BARAO DO RIO BRANCO, N. 2266",JOSE BONIFACIO,"Comercial, 135.00 de área total, 135.00 de área privativa, 288.58 de área do terreno.",471705.01,650000.0,27.43,Venda Direta Online,,FORTALEZA,CE,2021-08-04 00:14:30.752494
8255800005795,"RUA AURISTELA MAIA FARIAS (ANTES R GALAXIA), N. 995, QD 03 LT 16",ENGENHEIRO LUCIANO CAVALCANTE,"Casa, 0.00 de área total, 137.00 de área privativa, 153.00 de área do terreno, 3 qto(s), varanda, a.serv, WC, 1 sala(s), DCE, cozinha.",214500.0,330000.0,35.0,Venda Online,Ver foto,FORTALEZA,CE,2021-08-04 00:14:30.752494
8200200001430,"RUA LUIZ PORFIRIO DE LIMA, N. 394, LOT PARQUE DIADEMA",DIADEMA,"Casa, 0.00 de área total, 59.57 de área privativa, 207.00 de área do terreno, 2 qto(s), varanda, a.serv, WC, 1 sala(s), cozinha.",65170.51,115000.0,43.33,Venda Direta Online,Ver foto,HORIZONTE,CE,2021-08-04 00:14:30.752494
8444403444714,"RUA SDO 01 (ATUAL R ALEMANHA), N. 208, CASA B",VERTENTE,"Casa, 0.00 de área total, 53.14 de área privativa, 282.00 de área do terreno, 2 qto(s), varanda, a.serv, WC, 1 sala(s), cozinha.",49878.01,90000.0,44.58,Venda Direta Online,Ver foto,HORIZONTE,CE,2021-08-04 00:14:30.752494
8444403456674,"R SDO 01, N. 256, CASA B - FRAÇÃO IDEAL 50% DO TERRENO",VERTENTE,"Casa, 53.14 de área total, 53.14 de área privativa, 282.00 de área do terreno, 2 qto(s), varanda, WC, 1 sala(s), cozinha, 1 vaga(s) de garagem.",14400.0,72000.0,80.0,Venda Online,Ver foto,HORIZONTE,CE,2021-08-04 00:14:30.752494
8444403480605,"R SDO 01, N. 244, CASA A",VERTENTE,"Casa, 0.00 de área total, 53.14 de área privativa, 282.00 de área do terreno, 2 qto(s), varanda, a.serv, WC, 1 sala(s), cozinha.",30000.0,100000.0,70.0,Venda Online,Ver foto,HORIZONTE,CE,2021-08-04 00:14:30.752494
8444403706140,"R SDO 01, N. 184, CASA A",,"Casa, 0.00 de área total, 53.14 de área privativa, 282.00 de área do terreno, 2 qto(s), varanda, a.serv, WC, 1 sala(s), cozinha.",33252.01,60000.0,44.58,Venda Direta Online,Ver foto,HORIZONTE,CE,2021-08-04 00:14:30.752494
8444406044490,"AV MARINA FERREIRA DE ALMEIDA, N. 5080, CASA B",VERTENTE,"Casa, 0.00 de área total, 53.14 de área privativa, 264.00 de área do terreno, 2 qto(s), a.serv, WC, 1 sala(s), sacada, cozinha.",64287.2,116000.0,44.58,Venda Direta Online,Ver foto,HORIZONTE,CE,2021-08-04 00:14:30.752494
8444406072869,"RUA ESPANHA, N. 53, CASA B",VERTENTE,"Casa, 0.00 de área total, 53.14 de área privativa, 264.00 de área do terreno, 2 qto(s), a.serv, WC, 1 sala(s), cozinha.",53203.2,96000.0,44.58,Venda Direta Online,Ver foto,HORIZONTE,CE,2021-08-04 00:14:30.752494
8444409903133,"R JOSÉ NOGUEIRA DE QUEIROZ, N. 29, LT 04",ALTO DA ESTRELA,"Casa, 0.00 de área total, 75.10 de área privativa, 140.60 de área do terreno, 2 qto(s), a.serv, 1 suite(s), WC, cozinha.",52759.84,95200.0,44.58,Venda Direta Online,Ver foto,HORIZONTE,CE,2021-08-04 00:14:30.752494
8444410569705,"RUA SANTA RITA, N. 211, CASA A",DIADEMA,"Casa, 0.00 de área total, 76.09 de área privativa, 346.02 de área do terreno.",66504.01,120000.0,44.58,Venda Direta Online,Ver foto,HORIZONTE,CE,2021-08-04 00:14:30.752494
8444410853713,"RUA SDO 02, N. 51, B",CENTRO,"Casa, 0.00 de área total, 54.16 de área privativa, 294.33 de área do terreno, 1 qto(s), varanda, a.serv, 1 suite(s), WC, 1 sala(s), cozinha.",60962.01,110000.0,44.58,Venda Direta Online,Ver foto,HORIZONTE,CE,2021-08-04 00:14:30.752494
8444411112016,"JOSE LEANDRO BEZERRA COSTA, N. 645, CASA B",DIADEMA,"Casa, 0.00 de área total, 74.61 de área privativa, 363.07 de área do terreno, 3 qto(s), varanda, a.serv, WC, 1 sala(s), cozinha.",65395.61,118000.0,44.58,Venda Direta Online,Ver foto,HORIZONTE,CE,2021-08-04 00:14:30.752494
8444412054800,"R ADAUTO FARIAS, N. 380, CASA A",,"Casa, 0.00 de área total, 66.02 de área privativa, 273.14 de área do terreno, 2 qto(s), varanda, a.serv, WC, 1 sala(s), cozinha.",49878.0,90000.0,44.58,Venda Direta Online,Ver foto,HORIZONTE,CE,2021-08-04 00:14:30.752494
8444413633056,"RUA NEO VENANCIO, N. 41",LAGOINHA,"Casa, 0.00 de área total, 82.01 de área privativa, 792.00 de área do terreno, 2 qto(s), varanda, a.serv, WC, 1 sala(s), cozinha.",66504.01,120000.0,44.58,Venda Direta Online,Ver foto,HORIZONTE,CE,2021-08-04 00:14:30.752494
8555525761457,"RUA ALEMANHA, N. 76A",VERTENTE,"Casa, 0.00 de área total, 53.14 de área privativa, 282.00 de área do terreno, 2 qto(s), varanda, a.serv, WC, 1 sala(s), cozinha.",49878.0,90000.0,44.58,Venda Direta Online,Ver foto,HORIZONTE,CE,2021-08-04 00:14:30.752494
8555537200595,"RUA FRANCISCO SENA DA SILVA, N. 206",BUENOS AIRES,"Casa, 0.00 de área total, 75.20 de área privativa, 0.00 de área do terreno, 2 qto(s), varanda, a.serv, WC, 1 sala(s), cozinha.",63733.01,115000.0,44.58,Venda Direta Online,Ver foto,HORIZONTE,CE,2021-08-04 00:14:30.752494
10005038,"AV JOSE MARCIO DA S NOGUEI (SITIO FONSECA), N. S/N",ALTIPLANO,"Terreno, 0.00 de área total, 0.00 de área privativa, 13079.97 de área do terreno.",1028000.0,1285000.0,20.0,Venda Online,,IGUATU,CE,2021-08-04 00:14:30.752494
10005039,R GETULIO VARGAS SN,ESPLANADA I,"Terreno, 0.00 de área total, 0.00 de área privativa, 1932.00 de área do terreno.",272863.2,376000.0,27.43,Venda Direta Online,,IGUATU,CE,2021-08-04 00:14:30.752494
10005040,LOT ESPLANADA LT 10 QD LL,ESPLANADA I,"Terreno, 0.00 de área total, 0.00 de área privativa, 136.00 de área do terreno.",16691.1,23000.0,27.43,Venda Direta Online,,IGUATU,CE,2021-08-04 00:14:30.752494
10005041,LOT ESPLANADA LT 07 QD DD,ESPLANADA I,"Terreno, 0.00 de área total, 0.00 de área privativa, 136.00 de área do terreno.",18142.5,25000.0,27.43,Venda Direta Online,,IGUATU,CE,2021-08-04 00:14:30.752494
10005042,LOT ESPLANADA LT 08 QD DD,ESPLANADA I,"Terreno, 0.00 de área total, 0.00 de área privativa, 136.00 de área do terreno.",18142.5,25000.0,27.43,Venda Direta Online,,IGUATU,CE,2021-08-04 00:14:30.752494
10005043,LOT ESPLANADA LT 09 QD DD,ESPLANADA I,"Terreno, 0.00 de área total, 0.00 de área privativa, 136.00 de área do terreno.",17416.8,24000.0,27.43,Venda Direta Online,,IGUATU,CE,2021-08-04 00:14:30.752494
10005044,LOT ESPLANADA LT 10 QD DD,ESPLANADA I,"Terreno, 0.00 de área total, 0.00 de área privativa, 136.00 de área do terreno.",18142.5,25000.0,27.43,Venda Direta Online,,IGUATU,CE,2021-08-04 00:14:30.752494
10005045,LOT ESPLANADA LT 11 QD DD,ESPLANADA I,"Terreno, 0.00 de área total, 0.00 de área privativa, 136.00 de área do terreno.",17416.8,24000.0,27.43,Venda Direta Online,,IGUATU,CE,2021-08-04 00:14:30.752494
10005046,LOT ESPLANADA LT 12 QD DD,ESPLANADA I,"Terreno, 0.00 de área total, 0.00 de área privativa, 136.00 de área do terreno.",16255.68,22400.0,27.43,Venda Direta Online,,IGUATU,CE,2021-08-04 00:14:30.752494
1444403016692,"R JOSE CAIEIRAS, QD J, LTS 38 E 39",JOAO PAULO II,"Terreno, 0.00 de área total, 0.00 de área privativa, 142.32 de área do terreno.",40052.01,62000.0,35.4,Venda Direta Online,Ver foto,IGUATU,CE,2021-08-04 00:14:30.752494
1444403016951,"RUA JOSÉ CAIEIRAS DE ARAÚJO, N. 33, QUADRA L LOTES 33 E 34",JOAO PAULO II,"Terreno, 0.00 de área total, 291.54 de área privativa, 291.54 de área do terreno.",45743.6,62000.0,26.22,Venda Direta Online,Ver foto,IGUATU,CE,2021-08-04 00:14:30.752494
8444412846110,"R DR. JOAO PESSOA (ANTIGA PROJETADA C), N. 00342, PLT:12 E 14",CENTRO,"Casa, 0.00 de área total, 112.68 de área privativa, 156.00 de área do terreno, 1 qto(s), varanda, a.serv, 1 suite(s), WC, 1 sala(s), cozinha.",68303.5,123247.0,44.58,Venda Direta Online,Ver foto,IGUATU,CE,2021-08-04 00:14:30.752494
8444410895939,"R MARIA ELDA PEREIRA MOTA, N. 00509, CASA",,"Casa, 0.00 de área total, 78.00 de área privativa, 150.00 de área do terreno, 1 qto(s), 1 suite(s), WC, 2 sala(s), cozinha.",61770.3,109000.0,43.33,Venda Direta Online,Ver foto,IPU,CE,2021-08-04 00:14:30.752494
8444405406836,"RUA JORGE FIGUEIREDO, N. 2270",,"Casa, 0.00 de área total, 70.00 de área privativa, 313.01 de área do terreno.",66504.01,120000.0,44.58,Venda Direta Online,Ver foto,ITAITINGA,CE,2021-08-04 00:14:30.752494
8444406050504,"R JACINTA LÚCIA PEREIRA JOCA, N. 59, LOTEAMENTO MESSEJANA BARROCÃO",,"Casa, 0.00 de área total, 60.00 de área privativa, 301.50 de área do terreno, 2 qto(s), a.serv, WC, 1 sala(s), cozinha.",63733.0,115000.0,44.58,Venda Direta Online,Ver foto,ITAITINGA,CE,2021-08-04 00:14:30.752494
8444406571008,"RUA SDO A, N. 112",,"Casa, 0.00 de área total, 74.50 de área privativa, 300.00 de área do terreno.",63178.8,114000.0,44.58,Venda Direta Online,Ver foto,ITAITINGA,CE,2021-08-04 00:14:30.752494
8444406694193,"R SDO A, N. 44",,"Casa, 0.00 de área total, 74.00 de área privativa, 100.00 de área do terreno, 2 qto(s), varanda, a.serv, WC, 1 sala(s), cozinha.",63733.01,115000.0,44.58,Venda Direta Online,Ver foto,ITAITINGA,CE,2021-08-04 00:14:30.752494
8444407772694,"RUA SDO C, N. 102, QUADRA D LT 09 E 10.",,"Casa, 0.00 de área total, 66.65 de área privativa, 300.00 de área do terreno, 1 qto(s), varanda, a.serv, 1 suite(s), WC, 1 sala(s), cozinha.",60962.01,110000.0,44.58,Venda Direta Online,Ver foto,ITAITINGA,CE,2021-08-04 00:14:30.752494
8444409325776,"R JORGE FIGUEIREDO, N. 01792",,"Casa, 0.00 de área total, 73.62 de área privativa, 0.00 de área do terreno, 2 qto(s), a.serv, WC, 1 sala(s), sacada, cozinha.",75925.41,137000.0,44.58,Venda Online,Ver foto,ITAITINGA,CE,2021-08-04 00:14:30.752494
8444409864014,"RUA FILISBELA BENVINDA GUIMA, N. 37",,"Casa, 300.00 de área total, 70.00 de área privativa, 300.00 de área do terreno, 1 qto(s), a.serv, 1 suite(s), WC, 1 sala(s), sacada.",66504.0,120000.0,44.58,Venda Direta Online,Ver foto,ITAITINGA,CE,2021-08-04 00:14:30.752494
8444410240533,"R SDO B, N. 00112, QD B LOTES 09 E 10",,"Casa, 0.00 de área total, 74.00 de área privativa, 300.00 de área do terreno, 2 qto(s), varanda, a.serv, WC, 1 sala(s), cozinha.",61516.21,111000.0,44.58,Venda Direta Online,Ver foto,ITAITINGA,CE,2021-08-04 00:14:30.752494
8444410605930,"R AUGUSTO VALENTE, N. 157",,"Casa, 0.00 de área total, 72.00 de área privativa, 600.00 de área do terreno, 2 qto(s), a.serv, WC, 1 sala(s), cozinha.",68720.81,124000.0,44.58,Venda Direta Online,Ver foto,ITAITINGA,CE,2021-08-04 00:14:30.752494
8444413102905,"R JOAQUIM PEREIRA DA SILVEIRA, N. 00703, LT 08 QD28",,"Casa, 0.00 de área total, 80.11 de área privativa, 156.00 de área do terreno, 2 qto(s), varanda, a.serv, WC, 1 sala(s), cozinha.",60962.0,110000.0,44.58,Venda Direta Online,Ver foto,ITAITINGA,CE,2021-08-04 00:14:30.752494
8444413966071,"R SDO I, N. 260, LOTEAMENTO RESIDENCE II",,"Casa, 0.00 de área total, 80.90 de área privativa, 180.00 de área do terreno, 2 qto(s), a.serv, WC, 1 sala(s), sacada, cozinha.",74817.01,135000.0,44.58,Venda Direta Online,Ver foto,ITAITINGA,CE,2021-08-04 00:14:30.752494
8444417255897,"RUA 01, N. 163, QD02 LT10",,"Casa, 0.00 de área total, 83.54 de área privativa, 150.00 de área do terreno, 2 qto(s), varanda, a.serv, WC, 1 sala(s), cozinha.",72046.01,130000.0,44.58,Venda Direta Online,Ver foto,ITAITINGA,CE,2021-08-04 00:14:30.752494
10003876,"AV MONSENHOR TABOSA, Matricula 1352",,"Terreno, 0.00 de área total, 0.00 de área privativa, 775.02 de área do terreno.",435420.0,600000.0,27.43,Venda Direta Online,Ver foto,ITAPIPOCA,CE,2021-08-04 00:14:30.752494
1555520319588,"AV DUQUE DE CAXIAS, N. S/N",CENTRO,"Terreno, 0.00 de área total, 294.37 de área privativa, 294.37 de área do terreno.",177343.25,322442.28,45.01,Venda Direta Online,Ver foto,ITAPIPOCA,CE,2021-08-04 00:14:30.752494
10003867,"TABELIAO LUIZ TEOFILO MACHADO, N. S/N, LTS 13,14 QD B",AEROPORTO,"Terreno, 0.00 de área total, 0.00 de área privativa, 1060.00 de área do terreno.",277943.1,383000.0,27.43,Venda Direta Online,Ver foto,JUAZEIRO DO NORTE,CE,2021-08-04 00:14:30.752494
10004590,"AV PRESIDENTE CASTELO BRANCO, N. 4200 B, GLEBA 02",TIRADENTES,"Casa, 0.00 de área total, 120.65 de área privativa, 125.00 de área do terreno, 2 qto(s), varanda, a.serv, WC, 1 sala(s), cozinha.",118289.1,163000.0,27.43,Venda Direta Online,,JUAZEIRO DO NORTE,CE,2021-08-04 00:14:30.752494
18178,"RUA DO ROSARIO, ESQ COM R DAS DORES",SOCORRO,"Terreno, 0.00 de área total, 0.00 de área privativa, 2930.52 de área do terreno.",627730.5,865000.0,27.43,Venda Direta Online,Ver foto,JUAZEIRO DO NORTE,CE,2021-08-04 00:14:30.752494
8444403247439,"R CONSTRUTOR JOSE SABINO PEREIRA, N. 1569, QD C LT 23-A LOTEAMENTO PARQUE UNIÃO",SAO JOSE,"Casa, 0.00 de área total, 138.25 de área privativa, 200.00 de área do terreno, 3 qto(s), a.serv, WC, 1 sala(s), cozinha.",72646.71,131083.93,44.59,Venda Direta Online,Ver foto,JUAZEIRO DO NORTE,CE,2021-08-04 00:14:30.752494
1444400656526,"Rua dos Expedicionários, N. 3065",CENTRO,"Casa, 0.00 de área total, 296.68 de área privativa, 419.82 de área do terreno, 2 qto(s), a.serv, 2 suite(s), WC, 2 sala(s), cozinha, 3 vaga(s) de garagem.",255671.7,345000.0,25.9,Venda Online,Ver foto,LIMOEIRO DO NORTE,CE,2021-08-04 00:14:30.752494
1555532546622,"RUA FLOR DA PAPOULA, N. 323, CASA B QD 16 LT 31/32 LOT PATO SELVAGE",,"Casa, 0.00 de área total, 59.95 de área privativa, 300.00 de área do terreno.",34434.81,62000.0,44.46,Venda Direta Online,Ver foto,MARANGUAPE,CE,2021-08-04 00:14:30.752494
8444405524987,"R ANTº GONDIM NETO, N. 318A, LT 20 QD 135",NOVO MARANGUAPE II,"Casa, 0.00 de área total, 68.05 de área privativa, 0.00 de área do terreno.",56528.4,102000.0,44.58,Venda Direta Online,Ver foto,MARANGUAPE,CE,2021-08-04 00:14:30.752494
8444407890220,"R ENCONTRO DAS AGUAS, N. 601B, QD 186 LT 13",,"Casa, 0.00 de área total, 86.34 de área privativa, 320.00 de área do terreno.",72046.01,130000.0,44.58,Venda Direta Online,Ver foto,MARANGUAPE,CE,2021-08-04 00:14:30.752494
8444408191563,"R FLOR ORQUIDEA, N. 00357",LAMEIRAO,"Casa, 0.00 de área total, 78.00 de área privativa, 125.00 de área do terreno, 1 qto(s), varanda, a.serv, 1 suite(s), WC, 1 sala(s), cozinha.",66504.0,120000.0,44.58,Venda Direta Online,Ver foto,MARANGUAPE,CE,2021-08-04 00:14:30.752494
8444408346087,"R FLOR SAUDADE, N. 314B, QD 06 LT 22 LOT PATO SELVAGEM",LAMEIRAO,"Casa, 0.00 de área total, 71.32 de área privativa, 300.00 de área do terreno, 2 qto(s), a.serv, WC, 1 sala(s), sacada, cozinha, Terraco.",67335.31,121500.0,44.58,Venda Direta Online,Ver foto,MARANGUAPE,CE,2021-08-04 00:14:30.752494
8444408895480,"R FLOR SAUDADE, N. 326 C, CASA C",LAMEIRAO,"Casa, 0.00 de área total, 71.00 de área privativa, 300.00 de área do terreno, 2 qto(s), varanda, WC, 1 sala(s), cozinha.",61516.21,111000.0,44.58,Venda Direta Online,Ver foto,MARANGUAPE,CE,2021-08-04 00:14:30.752494
10002741,"RUA MARIA CECI NEVES, N. S/N",,"Terreno, 0.00 de área total, 0.00 de área privativa, 440.00 de área do terreno.",38462.1,53000.0,27.43,Venda Direta Online,Ver foto,MARCO,CE,2021-08-04 00:14:30.752494
1555527062256,"SITIO SAPÉ, N. S/N, TS 1 E 2 QD C; LT 1, 2, 3 QD D",,"Terreno, 0.00 de área total, 0.00 de área privativa, 1249.41 de área do terreno.",19500.0,65000.0,70.0,Venda Direta Online,Ver foto,MAURITI,CE,2021-08-04 00:14:30.752494
1555530643957,"R CEL AUGUSTO VIEIRA, N. 00058",CENTRO,"Casa, 0.00 de área total, 394.00 de área privativa, 294.00 de área do terreno.",216606.01,390000.0,44.46,Venda Direta Online,Ver foto,MOMBACA,CE,2021-08-04 00:14:30.752494
17694,"RUA SDO LOTES 06 AO 10 QD A, N. S/N, LOT PLANICIE DO OESTE",,"Terreno, 0.00 de área total, 0.00 de área privativa, 900.00 de área do terreno.",80552.71,111000.0,27.43,Venda Direta Online,Ver foto,PACAJUS,CE,2021-08-04 00:14:30.752494
8444400161088,"R FRANCISCO PEDRO DA COSTA, N. 32",,"Casa, 0.00 de área total, 80.00 de área privativa, 210.00 de área do terreno, varanda, a.serv, WC, 1 sala(s), cozinha.",54866.6,120000.0,54.28,Venda Direta Online,Ver foto,PACAJUS,CE,2021-08-04 00:14:30.752494
8444404110321,"R MANOEL FELIPE, N. 20",,"Casa, 0.00 de área total, 94.56 de área privativa, 152.25 de área do terreno, 3 qto(s), a.serv, WC, 1 sala(s), cozinha, Terraco.",60962.01,110000.0,44.58,Venda Direta Online,Ver foto,PACAJUS,CE,2021-08-04 00:14:30.752494
8444404686339,"R MARTA SALES, N. 00196",,"Casa, 0.00 de área total, 99.00 de área privativa, 156.25 de área do terreno, 1 qto(s), varanda, a.serv, 1 suite(s), WC, 2 sala(s), cozinha.",63970.79,121000.0,47.14,Venda Direta Online,Ver foto,PACAJUS,CE,2021-08-04 00:14:30.752494
8444404947116,"RUA NAIDE COSTA DE MENEZES, N. 1239, QUADRA 1",,"Casa, 198.00 de área total, 92.66 de área privativa, 198.00 de área do terreno, 2 qto(s), a.serv, 1 suite(s), WC, 1 sala(s), cozinha.",70383.41,127000.0,44.58,Venda Direta Online,Ver foto,PACAJUS,CE,2021-08-04 00:14:30.752494
8444405804475,"R RITA NOGUEIRA DA COSTA, N. 587",,"Casa, 0.00 de área total, 92.62 de área privativa, 180.00 de área do terreno, 3 qto(s), varanda, a.serv, WC, 2 sala(s), cozinha.",60962.01,110000.0,44.58,Venda Direta Online,Ver foto,PACAJUS,CE,2021-08-04 00:14:30.752494
8444407475029,"R BERNARDO VICTOR, N. 1232",,"Casa, 0.00 de área total, 86.50 de área privativa, 136.50 de área do terreno, 2 qto(s), varanda, a.serv, WC, 1 sala(s), cozinha.",50986.41,92000.0,44.58,Venda Direta Online,Ver foto,PACAJUS,CE,2021-08-04 00:14:30.752494
8444407796372,"R FRANCISCO ALVES, N. 42",,"Casa, 0.00 de área total, 70.99 de área privativa, 150.00 de área do terreno, 2 qto(s), a.serv, WC, 1 sala(s), cozinha, Terraco.",56528.41,102000.0,44.58,Venda Direta Online,Ver foto,PACAJUS,CE,2021-08-04 00:14:30.752494
8444408431998,"R ALCI NOGUEIRA VASCONCELOS, N. 00629, QD08 LT03",,"Casa, 0.00 de área total, 81.90 de área privativa, 162.00 de área do terreno, 1 qto(s), varanda, 1 suite(s).",63470.41,112000.0,43.33,Venda Direta Online,Ver foto,PACAJUS,CE,2021-08-04 00:14:30.752494
8444408876655,"RUA MARIA MENEZES MACHADO, N. 06",,"Casa, 0.00 de área total, 86.45 de área privativa, 175.00 de área do terreno, 1 qto(s), varanda, a.serv, 1 suite(s), WC, 1 sala(s), cozinha.",63178.8,114000.0,44.58,Venda Direta Online,Ver foto,PACAJUS,CE,2021-08-04 00:14:30.752494
8444409328783,"R 24, N. 25, LOTEAMENTO ESPLANADA DA CIDADE",,"Casa, 0.00 de área total, 86.55 de área privativa, 180.00 de área do terreno.",62624.61,103000.0,39.2,Venda Direta Online,Ver foto,PACAJUS,CE,2021-08-04 00:14:30.752494
8444409400050,"R ANTONIO NOGUEIRA DA COSTA, N. 82",,"Casa, 0.00 de área total, 85.30 de área privativa, 150.00 de área do terreno, 2 qto(s), varanda, a.serv, WC, 1 sala(s), cozinha.",68166.61,123000.0,44.58,Venda Direta Online,Ver foto,PACAJUS,CE,2021-08-04 00:14:30.752494
8444410954951,"R OSVALDO FREITAS, N. 00426",,"Casa, 0.00 de área total, 86.55 de área privativa, 187.20 de área do terreno, 2 qto(s), a.serv, WC, 1 sala(s), sacada, cozinha.",63733.01,115000.0,44.58,Venda Direta Online,Ver foto,PACAJUS,CE,2021-08-04 00:14:30.752494
8444411172949,"R MARCELO PINHEIRO, N. 124",,"Casa, 0.00 de área total, 64.00 de área privativa, 159.59 de área do terreno.",64603.81,114000.0,43.33,Venda Direta Online,Ver foto,PACAJUS,CE,2021-08-04 00:14:30.752494
8444411211294,"R OSVALDO FREITAS, N. 00432, LOT PARQUE GUARANY",,"Casa, 0.00 de área total, 86.55 de área privativa, 186.60 de área do terreno, 2 qto(s), a.serv, WC, 1 sala(s), sacada, cozinha.",60407.81,109000.0,44.58,Venda Direta Online,Ver foto,PACAJUS,CE,2021-08-04 00:14:30.752494
8444411867807,"RUA JOSE ABILIO FURTADO FIGUEIREDO, N. 596",,"Casa, 0.00 de área total, 81.91 de área privativa, 150.00 de área do terreno, 2 qto(s), varanda, a.serv, WC, 1 sala(s), cozinha.",66504.01,120000.0,44.58,Venda Online,Ver foto,PACAJUS,CE,2021-08-04 00:14:30.752494
8444412189179,"R FRANCISCO HOLANDA DE LIMA, N. 15",,"Casa, 0.00 de área total, 88.16 de área privativa, 150.00 de área do terreno, 2 qto(s), varanda, a.serv, WC, 1 sala(s), cozinha.",67612.41,122000.0,44.58,Venda Direta Online,Ver foto,PACAJUS,CE,2021-08-04 00:14:30.752494
8444412201276,"AV A, N. 330",,"Casa, 0.00 de área total, 86.55 de área privativa, 150.00 de área do terreno, 2 qto(s), varanda, a.serv, WC, 1 sala(s), cozinha.",58745.21,106000.0,44.58,Venda Direta Online,Ver foto,PACAJUS,CE,2021-08-04 00:14:30.752494
8444412542480,"R PEDRO DIAS, N. 00236",,"Casa, 0.00 de área total, 68.72 de área privativa, 150.00 de área do terreno, 2 qto(s), varanda, a.serv, WC, 1 sala(s), cozinha.",55420.01,100000.0,44.58,Venda Direta Online,,PACAJUS,CE,2021-08-04 00:14:30.752494
8444413176631,"RUA JOSÉ SOARES DO NASCIMENTO, N. 249, QD45 LT T03",,"Casa, 0.00 de área total, 78.00 de área privativa, 150.00 de área do terreno, 1 qto(s), varanda, 1 suite(s), WC, 1 sala(s), cozinha.",64287.2,116000.0,44.58,Venda Online,Ver foto,PACAJUS,CE,2021-08-04 00:14:30.752494
8444414567545,"RUA ANTONIO FERREIRA DA SILVA, N. 125",,"Casa, 0.00 de área total, 81.90 de área privativa, 0.00 de área do terreno, 2 qto(s), varanda, a.serv, WC, 1 sala(s), cozinha.",66226.91,119500.0,44.58,Venda Direta Online,,PACAJUS,CE,2021-08-04 00:14:30.752494
8444415337691,"R NOVE, N. 00006, QD 02 LT 19 E 20 UNID 06",,"Casa, 0.00 de área total, 77.27 de área privativa, 165.00 de área do terreno, 1 qto(s), a.serv, 1 suite(s), WC, 1 sala(s), cozinha, Terraco.",55978.0,95000.0,41.08,Venda Direta Online,Ver foto,PACAJUS,CE,2021-08-04 00:14:30.752494
8444417042974,"RUA NILCE DE OLIVEIRA, N. 316",,"Casa, 0.00 de área total, 85.86 de área privativa, 150.00 de área do terreno, 2 qto(s), varanda, a.serv, WC, 1 sala(s), cozinha.",65395.61,118000.0,44.58,Venda Direta Online,Ver foto,PACAJUS,CE,2021-08-04 00:14:30.752494
8444418039012,"RUA JACINTA JOCA, N. 159",,"Casa, 0.00 de área total, 89.00 de área privativa, 152.75 de área do terreno.",66504.01,120000.0,44.58,Venda Direta Online,Ver foto,PACAJUS,CE,2021-08-04 00:14:30.752494
8555514997608,"RUA MANOEL CAPONGA, N. 207, QUADRA 12 LOT PQ BOA ESPERANCA",,"Casa, 0.00 de área total, 77.35 de área privativa, 180.00 de área do terreno, 1 qto(s), varanda, a.serv, 1 suite(s), WC, 1 sala(s), cozinha.",43073.65,125000.0,65.55,Venda Direta Online,Ver foto,PACAJUS,CE,2021-08-04 00:14:30.752494
8444407860828,"RUA PEDRO DE SA RORIZ, N. 625",,"Casa, 0.00 de área total, 70.00 de área privativa, 0.00 de área do terreno.",22168.0,40000.0,44.58,Venda Direta Online,Ver foto,PACATUBA,CE,2021-08-04 00:14:30.752494
8444407887408,"R PEDRO DE SÁ RORIZ, N. 617, LOTEAMENTO PARQUE NOVA PAVUNA",PAVUNA,"Casa, 0.00 de área total, 70.00 de área privativa, 0.00 de área do terreno, 2 qto(s), WC, 1 sala(s), sacada, cozinha.",60407.8,109000.0,44.58,Venda Direta Online,Ver foto,PACATUBA,CE,2021-08-04 00:14:30.752494
8444411184009,"RUA DA PAZ, N. 00360, CASA",MONGUBA,"Casa, 0.00 de área total, 65.20 de área privativa, 396.00 de área do terreno, 1 qto(s), varanda, a.serv, 1 suite(s), WC, 1 sala(s), cozinha.",74292.81,118000.0,37.04,Venda Direta Online,Ver foto,PACATUBA,CE,2021-08-04 00:14:30.752494
8444412821754,"RUA RAIMUNDO DO VALE, N. 809, BAIRRO VELHO TIMBO",,"Casa, 0.00 de área total, 73.13 de área privativa, 126.50 de área do terreno, 1 qto(s), varanda, a.serv, 1 suite(s), WC, 1 sala(s), cozinha, 1 vaga(s) de garagem.",72600.21,131000.0,44.58,Venda Direta Online,,PACATUBA,CE,2021-08-04 00:14:30.752494
8444414049820,"RUA RAIMUNDO DO VALE, N. 473",PAVUNA,"Casa, 0.00 de área total, 76.46 de área privativa, 0.00 de área do terreno, 1 qto(s), varanda, a.serv, 1 suite(s), WC, 1 sala(s), cozinha.",67612.4,122000.0,44.58,Venda Direta Online,Ver foto,PACATUBA,CE,2021-08-04 00:14:30.752494
10004592,"LUGAR BARRA, N. S/N, QD45 MAELITAS/MEIRELES",,"Terreno, 0.00 de área total, 15920.00 de área privativa, 15920.00 de área do terreno.",240000.0,400000.0,40.0,Venda Direta Online,,PARACURU,CE,2021-08-04 00:14:30.752494
1444406680909,"RUA MARINHAS, N. S/N, QD D LOTES 17,19,21 E 23 LOT COSTA DO",,"Terreno, 0.00 de área total, 0.00 de área privativa, 720.00 de área do terreno.",20026.0,31000.0,35.4,Venda Direta Online,,PARACURU,CE,2021-08-04 00:14:30.752494
8444401804543,"RUA B (ATUAL R ANTONIO AUGUSTO GOMES), N. 38, LOTE 21B",,"Casa, 0.00 de área total, 70.00 de área privativa, 150.00 de área do terreno.",68626.4,109000.0,37.04,Venda Direta Online,Ver foto,PARACURU,CE,2021-08-04 00:14:30.752494
8444406360678,"AV LATERAL OESTE, N. 419, LOTE J QD14",,"Casa, 0.00 de área total, 62.50 de área privativa, 125.02 de área do terreno, 2 qto(s), a.serv, WC, 1 sala(s), cozinha.",53757.41,117000.0,54.06,Venda Direta Online,Ver foto,PARACURU,CE,2021-08-04 00:14:30.752494
8444406472905,"R ENOQUE ASSIS SAMPAIO (ANTIGA RUA E), N. 00158, QD22 LT06",,"Casa, 0.00 de área total, 69.10 de área privativa, 180.00 de área do terreno, 1 qto(s), varanda, a.serv, 1 suite(s), WC, 1 sala(s), cozinha.",72046.01,130000.0,44.58,Venda Direta Online,Ver foto,PARACURU,CE,2021-08-04 00:14:30.752494
8444408672332,"RUA JOSÉ RIBAMAR DE ALMEIDA (ANT RUA 11), N. 890",,"Casa, 0.00 de área total, 64.00 de área privativa, 150.00 de área do terreno, 2 qto(s), a.serv, WC, 1 sala(s), cozinha.",63843.85,115200.0,44.58,Venda Direta Online,Ver foto,PARACURU,CE,2021-08-04 00:14:30.752494
8444411558669,"RUA DELTA, N. 681",,"Casa, 0.00 de área total, 75.00 de área privativa, 150.00 de área do terreno, 2 qto(s), varanda, a.serv, 1 suite(s), WC, 1 sala(s), cozinha.",68166.6,123000.0,44.58,Venda Direta Online,Ver foto,PARACURU,CE,2021-08-04 00:14:30.752494
8444403648743,"R ANA MOREIRA DA SILVA, N. 276, (Antiga Projetada I, Lote 8, Q 12)",,"Casa, 0.00 de área total, 69.60 de área privativa, 200.00 de área do terreno, 2 qto(s), varanda, a.serv, WC, 1 sala(s), cozinha.",55142.9,99500.0,44.58,Venda Direta Online,Ver foto,PEDRA BRANCA,CE,2021-08-04 00:14:30.752494
8444404470425,"R PROJETADA 109, N. 271, Casa 271, QD 17, LT 01,",CENTRO,"Casa, 69.60 de área total, 69.60 de área privativa, 200.00 de área do terreno, 2 qto(s), varanda, a.serv, 1 suite(s), WC, 1 sala(s), sacada, cozinha, 1 vaga(s) de garagem.",41010.81,74000.0,44.58,Venda Direta Online,Ver foto,PEDRA BRANCA,CE,2021-08-04 00:14:30.752494
1444404850939,"R MARIA SOCORRO DOS SANTOS, N. 93",,"Casa, 0.00 de área total, 128.36 de área privativa, 178.96 de área do terreno, 1 qto(s), a.serv, 1 suite(s), WC, 2 sala(s), cozinha.",83980.0,130000.0,35.4,Venda Online,Ver foto,PENAFORTE,CE,2021-08-04 00:14:30.752494
1444409547029,"rua josé basílio de sousa, N. 213",,"Comercial, 0.00 de área total, 67.86 de área privativa, 154.40 de área do terreno.",72973.27,120000.0,39.19,Venda Direta Online,Ver foto,PENAFORTE,CE,2021-08-04 00:14:30.752494
1555523821705,"RUA JOSINA ANGELO, N. 71",CENTRO,"Casa, 0.00 de área total, 116.05 de área privativa, 275.63 de área do terreno, 3 qto(s), WC, 1 sala(s), cozinha.",47601.73,91000.0,47.7,Venda Direta Online,Ver foto,PENAFORTE,CE,2021-08-04 00:14:30.752494
8444401169562,"RUA JOÃO MUNIZ, N. 88",CENTRO,"Casa, 0.00 de área total, 70.00 de área privativa, 112.50 de área do terreno, 1 qto(s), a.serv, 1 suite(s), WC, 1 sala(s), cozinha.",36023.0,65000.0,44.58,Venda Direta Online,Ver foto,PENAFORTE,CE,2021-08-04 00:14:30.752494
8444405387556,"R MARIA DO SOCORRO DOS SANTOS, N. 00132, CASA",,"Casa, 0.00 de área total, 100.10 de área privativa, 110.24 de área do terreno, 2 qto(s), varanda, a.serv, WC, 1 sala(s), cozinha.",39669.0,70000.0,43.33,Venda Direta Online,Ver foto,PENAFORTE,CE,2021-08-04 00:14:30.752494
8444405768320,"R ROMAO BEM SAMPAIO, N. 771",CENTRO,"Casa, 0.00 de área total, 69.97 de área privativa, 104.50 de área do terreno, 2 qto(s), a.serv, WC, 1 sala(s), cozinha.",38794.01,70000.0,44.58,Venda Direta Online,Ver foto,PENAFORTE,CE,2021-08-04 00:14:30.752494
8444406253332,"RUA DONA SINHA LEITE, N. 58",CENTRO,"Casa, 0.00 de área total, 69.60 de área privativa, 108.00 de área do terreno, 2 qto(s), a.serv, WC, 1 sala(s), cozinha.",37685.61,68000.0,44.58,Venda Online,Ver foto,PENAFORTE,CE,2021-08-04 00:14:30.752494
8444406325775,"RUA ISABEL ÂNGELO, N. 145",CENTRO,"Casa, 0.00 de área total, 88.09 de área privativa, 104.00 de área do terreno, 1 qto(s), a.serv, 1 suite(s), WC, 1 sala(s), cozinha, 1 vaga(s) de garagem.",47036.1,83000.0,43.33,Venda Direta Online,Ver foto,PENAFORTE,CE,2021-08-04 00:14:30.752494
8444406475092,"AV ANTONIO MATIAS, N. 1817, LOTEAMENTO LUCENA",,"Casa, 0.00 de área total, 69.90 de área privativa, 144.00 de área do terreno, 2 qto(s), varanda, a.serv, WC, 1 sala(s), cozinha.",41565.0,75000.0,44.58,Venda Direta Online,Ver foto,PENAFORTE,CE,2021-08-04 00:14:30.752494
8444406485659,"RUA ALCIDES MATIAS CAVALCANTE, N. 29, QD B LT 10 LOT MARIA DE LOURDES",,"Casa, 0.00 de área total, 70.00 de área privativa, 125.00 de área do terreno, 1 qto(s), a.serv, 1 suite(s), WC, 1 sala(s), cozinha.",39902.41,72000.0,44.58,Venda Direta Online,Ver foto,PENAFORTE,CE,2021-08-04 00:14:30.752494
8444406489832,"R ALCIDES MATIAS CAVALCANTE, N. 00033",,"Casa, 0.00 de área total, 70.00 de área privativa, 125.00 de área do terreno, 1 qto(s), a.serv, 1 suite(s), WC, 1 sala(s), cozinha.",48492.51,87500.0,44.58,Venda Direta Online,Ver foto,PENAFORTE,CE,2021-08-04 00:14:30.752494
8444406756717,"AV ROMÃO BEM SAMPAIO, N. 747",CENTRO,"Casa, 0.00 de área total, 67.20 de área privativa, 93.50 de área do terreno, 2 qto(s), a.serv, WC, 1 sala(s), cozinha, 1 vaga(s) de garagem.",45336.0,80000.0,43.33,Venda Direta Online,Ver foto,PENAFORTE,CE,2021-08-04 00:14:30.752494
8444406825859,"R JOAO JOSE GOMES, N. 00022",,"Terreno, 0.00 de área total, 69.30 de área privativa, 99.00 de área do terreno, 2 qto(s), a.serv, WC, 1 sala(s), cozinha.",4533.61,8000.0,43.33,Venda Direta Online,Ver foto,PENAFORTE,CE,2021-08-04 00:14:30.752494
8444406827460,"R VICENTE PEREIRA MATIAS, N. 524, QD C LT 17 - LOT. MARIA SOARES",,"Casa, 0.00 de área total, 69.69 de área privativa, 103.50 de área do terreno, 2 qto(s), a.serv, WC, 1 sala(s), cozinha.",11334.0,20000.0,43.33,Venda Direta Online,Ver foto,PENAFORTE,CE,2021-08-04 00:14:30.752494
8444407295381,"R JOAO JOSE GOMES, N. 33",,"Casa, 0.00 de área total, 69.00 de área privativa, 102.00 de área do terreno, 2 qto(s), varanda, a.serv, WC, 1 sala(s), cozinha.",38535.61,68000.0,43.33,Venda Direta Online,Ver foto,PENAFORTE,CE,2021-08-04 00:14:30.752494
8444407333879,"R CLAUDIONOR COUTO CRUZ, N. 76",CENTRO,"Casa, 0.00 de área total, 69.61 de área privativa, 100.00 de área do terreno, 2 qto(s), a.serv, WC, 2 sala(s).",41369.11,73000.0,43.33,Venda Direta Online,Ver foto,PENAFORTE,CE,2021-08-04 00:14:30.752494
8444407350196,"R CLAUDIONOR COUTO CRUZ, N. 00080, CASA",CENTRO,"Casa, 0.00 de área total, 85.42 de área privativa, 125.29 de área do terreno, 2 qto(s), a.serv, 1 suite(s), WC, 1 sala(s), cozinha.",45336.0,80000.0,43.33,Venda Direta Online,Ver foto,PENAFORTE,CE,2021-08-04 00:14:30.752494
8444407377388,"R JOSIVALDO MATIAS LEITE, N. 00128, CASA",CENTRO,"Casa, 120.00 de área total, 99.35 de área privativa, 0.00 de área do terreno, 2 qto(s), 1 suite(s), WC, 1 sala(s), cozinha.",58191.0,105000.0,44.58,Venda Direta Online,Ver foto,PENAFORTE,CE,2021-08-04 00:14:30.752494
8444407482513,"R ANTONIO MATIAS ANGELO, N. 24",,"Casa, 0.00 de área total, 67.00 de área privativa, 88.27 de área do terreno, 2 qto(s), varanda, a.serv, WC, 1 sala(s), cozinha.",36835.51,65000.0,43.33,Venda Direta Online,Ver foto,PENAFORTE,CE,2021-08-04 00:14:30.752494
8444407483064,"RUA ANTONIO VENCESLAU GALVÃO, N. 483",,"Casa, 66.90 de área total, 66.90 de área privativa, 120.00 de área do terreno, 2 qto(s), varanda, a.serv, WC, 1 sala(s), cozinha.",14000.0,70000.0,80.0,Venda Direta Online,,PENAFORTE,CE,2021-08-04 00:14:30.752494
8444407493787,"AV ANTONIO MATIAS LEITE, N. 1821, QD A LT 03 - LOTEAMENTO LUCENA",,"Casa, 0.00 de área total, 96.28 de área privativa, 144.00 de área do terreno, 1 qto(s), a.serv, 1 suite(s), WC, 1 sala(s), cozinha, Terraco.",36835.5,65000.0,43.33,Venda Direta Online,Ver foto,PENAFORTE,CE,2021-08-04 00:14:30.752494
8444407522175,"R AGAILDES SAMPAIO GONDIM, N. 121",CENTRO,"Casa, 0.00 de área total, 69.98 de área privativa, 97.30 de área do terreno, 2 qto(s), a.serv, WC, 1 sala(s), cozinha, Terraco.",42502.5,75000.0,43.33,Venda Direta Online,Ver foto,PENAFORTE,CE,2021-08-04 00:14:30.752494
8444407533827,"R ANTONIO VENCESLAU GALVÃO, N. 455, QD A LT 02 LOTEAMENTO MARIA SOARES",,"Casa, 0.00 de área total, 69.69 de área privativa, 132.00 de área do terreno, 2 qto(s), a.serv, WC, 1 sala(s), cozinha.",36835.5,65000.0,43.33,Venda Direta Online,Ver foto,PENAFORTE,CE,2021-08-04 00:14:30.752494
8444407534807,"R DONA SINHÁ LEITE, N. 113",CENTRO,"Casa, 0.00 de área total, 64.74 de área privativa, 80.00 de área do terreno, 2 qto(s), a.serv, WC, 1 sala(s), cozinha.",26047.4,47000.0,44.58,Venda Direta Online,Ver foto,PENAFORTE,CE,2021-08-04 00:14:30.752494
8444407543423,"TV ANTONIO MATIAS ANGELO, N. 32, BAIRRO FREI DAMIÃO",,"Casa, 0.00 de área total, 69.91 de área privativa, 97.07 de área do terreno, 1 qto(s), a.serv, 1 suite(s), WC, 1 sala(s), cozinha, 1 vaga(s) de garagem.",45336.0,80000.0,43.33,Venda Direta Online,,PENAFORTE,CE,2021-08-04 00:14:30.752494
8444407559907,"R ANTONIO VENCESLAU GALVAO, N. 00303, CASA",,"Casa, 0.00 de área total, 69.98 de área privativa, 100.00 de área do terreno, 2 qto(s), a.serv, WC, 1 sala(s), cozinha.",34002.01,69791.87,51.29,Venda Direta Online,Ver foto,PENAFORTE,CE,2021-08-04 00:14:30.752494
8444407614207,"R ANTONIO VENCESLAU GALVÃO, N. 180",,"Casa, 0.00 de área total, 69.98 de área privativa, 114.00 de área do terreno, 2 qto(s), a.serv, WC, 1 sala(s), cozinha.",45336.0,80000.0,43.33,Venda Direta Online,Ver foto,PENAFORTE,CE,2021-08-04 00:14:30.752494
8444407702351,"R CLAUDIONOR COUTO CRUZ, N. 00061",CENTRO,"Casa, 0.00 de área total, 68.92 de área privativa, 80.88 de área do terreno, 2 qto(s), varanda, a.serv, WC, 1 sala(s), cozinha.",42502.51,75000.0,43.33,Venda Direta Online,Ver foto,PENAFORTE,CE,2021-08-04 00:14:30.752494
8444407867857,"RUA ALCIDES MATIAS CAVALCANTE, N. 61",,"Casa, 0.00 de área total, 88.75 de área privativa, 125.00 de área do terreno, 2 qto(s), a.serv, WC, 1 sala(s), cozinha, Terraco.",41565.0,75000.0,44.58,Venda Direta Online,Ver foto,PENAFORTE,CE,2021-08-04 00:14:30.752494
8444407887300,"R ANTONIO VENCESLAU GALVÃO, N. 441",,"Casa, 0.00 de área total, 69.78 de área privativa, 93.50 de área do terreno, 2 qto(s), varanda, a.serv, WC, 1 sala(s), cozinha.",36835.5,65000.0,43.33,Venda Direta Online,Ver foto,PENAFORTE,CE,2021-08-04 00:14:30.752494
8444407887793,"RUA ANTONIO VENCESLAU GALVÃO, N. 449",,"Casa, 0.00 de área total, 69.90 de área privativa, 97.65 de área do terreno, 2 qto(s), varanda, a.serv, WC, 1 sala(s), cozinha.",40456.61,73000.0,44.58,Venda Direta Online,Ver foto,PENAFORTE,CE,2021-08-04 00:14:30.752494
8444407933418,"RUA CLAUDIONOR COUTO CRUZ, N. 60",CENTRO,"Casa, 0.00 de área total, 69.94 de área privativa, 110.00 de área do terreno, 2 qto(s), a.serv, WC, 1 sala(s), cozinha, 1 vaga(s) de garagem.",45336.01,80000.0,43.33,Venda Direta Online,,PENAFORTE,CE,2021-08-04 00:14:30.752494
8444407986112,"RUA BELARMINO FERNANDES DA SILVA, N. 441",,"Casa, 0.00 de área total, 92.50 de área privativa, 139.69 de área do terreno, 3 qto(s), a.serv, WC, 1 sala(s), cozinha.",50986.41,92000.0,44.58,Venda Direta Online,Ver foto,PENAFORTE,CE,2021-08-04 00:14:30.752494
8444407986554,"R CLAUDIONOR COUTO CRUZ, N. 64",CENTRO,"Casa, 0.00 de área total, 69.94 de área privativa, 110.00 de área do terreno, 2 qto(s), a.serv, WC, 1 sala(s), cozinha.",45336.0,80000.0,43.33,Venda Direta Online,Ver foto,PENAFORTE,CE,2021-08-04 00:14:30.752494
8444408197480,"RUA GENEROSA MARIA DE JESUS, N. 48",,"Casa, 0.00 de área total, 69.82 de área privativa, 106.00 de área do terreno, 2 qto(s), a.serv, WC, 1 sala(s), cozinha.",43227.61,78000.0,44.58,Venda Direta Online,Ver foto,PENAFORTE,CE,2021-08-04 00:14:30.752494
8444408208350,"RUA GENEROSA MARIA DE JESUS, N. 44",,"Casa, 106.00 de área total, 69.03 de área privativa, 106.00 de área do terreno, 1 qto(s), a.serv, 1 suite(s), WC, 1 sala(s), sacada, cozinha.",42162.39,74399.84,43.33,Venda Direta Online,Ver foto,PENAFORTE,CE,2021-08-04 00:14:30.752494
8444408258900,"AV JOAO MUNIZ, N. 61",,"Casa, 0.00 de área total, 69.96 de área privativa, 112.50 de área do terreno, 2 qto(s), a.serv, WC, 1 sala(s), cozinha.",44202.61,78000.0,43.33,Venda Direta Online,Ver foto,PENAFORTE,CE,2021-08-04 00:14:30.752494
8444408282160,"RUA VICENTE PEREIRA MATIAS, N. 516, LOT MARIA SOARES",,"Casa, 0.00 de área total, 66.56 de área privativa, 97.20 de área do terreno, 2 qto(s), a.serv, WC, 1 sala(s), cozinha.",17001.01,30000.0,43.33,Venda Direta Online,Ver foto,PENAFORTE,CE,2021-08-04 00:14:30.752494
8444408287226,"RUA DAVID LEITE PIANCÓ, N. 28",,"Casa, 0.00 de área total, 69.58 de área privativa, 114.00 de área do terreno, 2 qto(s), a.serv, WC, 1 sala(s), cozinha, Terraco.",34002.01,60000.0,43.33,Venda Direta Online,Ver foto,PENAFORTE,CE,2021-08-04 00:14:30.752494
8444408302233,"RUA ANTONIO VENCESLAU GALVÃO, N. 445",,"Casa, 0.00 de área total, 69.90 de área privativa, 95.25 de área do terreno, 2 qto(s), varanda, a.serv, WC, 1 sala(s), cozinha.",39669.01,70000.0,43.33,Venda Direta Online,Ver foto,PENAFORTE,CE,2021-08-04 00:14:30.752494
8444408349841,"R ALCIDES MATIAS CAVALCANTE, N. 00050, LT 02 QD A",,"Casa, 0.00 de área total, 95.35 de área privativa, 125.00 de área do terreno, 1 qto(s), a.serv, 1 suite(s), WC, 1 sala(s), cozinha.",47602.81,84000.0,43.33,Venda Direta Online,Ver foto,PENAFORTE,CE,2021-08-04 00:14:30.752494
8444408353474,"R ALCIDES MATIAS CAVALCANTE, N. 62, QD A",,"Casa, 0.00 de área total, 95.35 de área privativa, 125.00 de área do terreno, 2 qto(s), a.serv, WC, 1 sala(s).",46469.4,82000.0,43.33,Venda Direta Online,Ver foto,PENAFORTE,CE,2021-08-04 00:14:30.752494
8444408376008,"RUA ALCIDES MATIAS CAVALCANTE, N. 54, LOT MARIA DE LOURDES FERREIRA DE LUCEN",,"Casa, 0.00 de área total, 95.35 de área privativa, 125.00 de área do terreno, 2 qto(s), a.serv, WC, 1 sala(s), cozinha.",49302.91,87000.0,43.33,Venda Direta Online,Ver foto,PENAFORTE,CE,2021-08-04 00:14:30.752494
8444408468573,"R DONA SINHA LEITE, N. 29",CENTRO,"Casa, 0.00 de área total, 79.00 de área privativa, 120.00 de área do terreno, 2 qto(s), a.serv, WC, 1 sala(s), cozinha.",44336.01,80000.0,44.58,Venda Direta Online,Ver foto,PENAFORTE,CE,2021-08-04 00:14:30.752494
8444408555158,"RUA PROFESSORA FRANCISCA FERREIRA ROCHA, N. 678, Loteame Joaquim Pereira Quadra A Lote",CENTRO,"Casa, 69.90 de área total, 69.90 de área privativa, 108.00 de área do terreno, 2 qto(s), varanda, a.serv, WC, 2 sala(s), cozinha.",8655.0,57700.0,85.0,Venda Direta Online,Ver foto,PENAFORTE,CE,2021-08-04 00:14:30.752494
8444408562871,"R DAVID LEITE PIANCÓ, N. 24",,"Casa, 0.00 de área total, 69.60 de área privativa, 114.00 de área do terreno, 2 qto(s), a.serv, WC, 1 sala(s), cozinha, Terraco.",8313.0,15000.0,44.58,Venda Direta Online,Ver foto,PENAFORTE,CE,2021-08-04 00:14:30.752494
8444408588803,"RUA PROFESSORA FRANCISCA FERREIRA ROCHA, N. 674",,"Casa, 0.00 de área total, 69.90 de área privativa, 0.00 de área do terreno, 2 qto(s), WC, 1 sala(s), cozinha, 1 vaga(s) de garagem.",42502.5,75000.0,43.33,Venda Direta Online,Ver foto,PENAFORTE,CE,2021-08-04 00:14:30.752494
8444408604698,"RUA PROFESSORA FRANCISCA FERREIRA ROCHA, N. 682",,"Casa, 69.90 de área total, 69.90 de área privativa, 108.00 de área do terreno, 2 qto(s), a.serv, WC, 1 sala(s), cozinha, 1 vaga(s) de garagem.",13600.0,68000.0,80.0,Venda Direta Online,,PENAFORTE,CE,2021-08-04 00:14:30.752494
8444408699214,"R PROFESSORA FRANCISCA FERREIRA ROCHA, N. 00634, QD A LT 48",,"Casa, 0.00 de área total, 70.00 de área privativa, 114.00 de área do terreno, 2 qto(s), WC, 1 sala(s), cozinha.",45336.01,80000.0,43.33,Venda Direta Online,Ver foto,PENAFORTE,CE,2021-08-04 00:14:30.752494
8444408713268,"RUA JOSE DE SA BRINGEL, N. 96",CENTRO,"Casa, 0.00 de área total, 69.30 de área privativa, 120.00 de área do terreno, 3 qto(s), WC, 1 sala(s), cozinha.",34360.41,62000.0,44.58,Venda Direta Online,Ver foto,PENAFORTE,CE,2021-08-04 00:14:30.752494
8444408757818,"R DAVID LEITE PIANCÓ, N. 40",,"Casa, 0.00 de área total, 69.86 de área privativa, 97.80 de área do terreno, 2 qto(s), a.serv, WC, 1 sala(s), cozinha.",39669.0,70000.0,43.33,Venda Direta Online,Ver foto,PENAFORTE,CE,2021-08-04 00:14:30.752494
8444408759209,"R DAVID LEITE PIANCÓ, N. 44",,"Casa, 0.00 de área total, 68.52 de área privativa, 102.60 de área do terreno, 2 qto(s), a.serv, WC, 1 sala(s), cozinha.",40397.78,71286.0,43.33,Venda Direta Online,Ver foto,PENAFORTE,CE,2021-08-04 00:14:30.752494
8444408761424,"RUA FRANCISCA FERREIRA ROCHA, N. 686",,"Casa, 0.00 de área total, 69.79 de área privativa, 108.60 de área do terreno, 2 qto(s), a.serv, WC, 1 sala(s), cozinha.",42502.51,75000.0,43.33,Venda Direta Online,Ver foto,PENAFORTE,CE,2021-08-04 00:14:30.752494
8444408763613,"R PROF FRANCISCA FERREIRA ROCHA, N. 694, QD A LT 78",,"Casa, 0.00 de área total, 69.79 de área privativa, 108.60 de área do terreno, 2 qto(s), a.serv, WC, 1 sala(s), cozinha.",41935.8,74000.0,43.33,Venda Direta Online,Ver foto,PENAFORTE,CE,2021-08-04 00:14:30.752494
8444408763850,"R ANTONIO VENCESLAU GALVAO, N. 00429, CASA",,"Casa, 0.00 de área total, 69.77 de área privativa, 97.08 de área do terreno, 2 qto(s), a.serv, WC, 1 sala(s), cozinha.",45336.01,80000.0,43.33,Venda Direta Online,Ver foto,PENAFORTE,CE,2021-08-04 00:14:30.752494
8444408763869,"R ALCIDES MATIAS CAVALCANTE, N. 65, LOTEAMENTO MARIA DE LOURDES",,"Casa, 0.00 de área total, 99.70 de área privativa, 147.71 de área do terreno, 2 qto(s), a.serv, WC, 1 sala(s), cozinha.",49878.0,90000.0,44.58,Venda Direta Online,Ver foto,PENAFORTE,CE,2021-08-04 00:14:30.752494
8444408775867,"R PROFESSORA FRANCISCA FERREIRA DA ROCHA, N. 00638, CASA",,"Casa, 0.00 de área total, 70.00 de área privativa, 114.00 de área do terreno, 2 qto(s), WC, 1 sala(s), cozinha.",40802.41,72000.0,43.33,Venda Direta Online,Ver foto,PENAFORTE,CE,2021-08-04 00:14:30.752494
8444408782081,"R ANTONIO VENCESLAU GALVÃO, N. 421, QD A - LOTEAMENTO JOAQUIM PEREIRA",,"Casa, 0.00 de área total, 91.50 de área privativa, 135.45 de área do terreno, 3 qto(s), a.serv, WC, 1 sala(s), cozinha.",45336.0,80000.0,43.33,Venda Direta Online,,PENAFORTE,CE,2021-08-04 00:14:30.752494
8444408789035,"RUA PROFESSORA FERREIRA ROCHA, N. 702",,"Casa, 0.00 de área total, 69.79 de área privativa, 108.60 de área do terreno, 2 qto(s), a.serv, WC, 1 sala(s), cozinha, 1 vaga(s) de garagem.",5031.21,33541.39,85.0,Venda Direta Online,Ver foto,PENAFORTE,CE,2021-08-04 00:14:30.752494
8444408792273,"RUA PROFESSORA FRANCISCA FERREIRA ROCHA, N. 650",,"Casa, 0.00 de área total, 69.10 de área privativa, 0.00 de área do terreno, 2 qto(s), a.serv, WC, 1 sala(s), cozinha, 1 vaga(s) de garagem.",32650.73,57615.55,43.34,Venda Direta Online,Ver foto,PENAFORTE,CE,2021-08-04 00:14:30.752494
8444408875543,"RUA PROFESSORA FRANCISCA FERREIRA ROCHA, N. 698",,"Casa, 0.00 de área total, 69.79 de área privativa, 108.60 de área do terreno, 2 qto(s), a.serv, WC, 1 sala(s), cozinha, Terraco, 1 vaga(s) de garagem.",39669.0,70000.0,43.33,Venda Direta Online,Ver foto,PENAFORTE,CE,2021-08-04 00:14:30.752494
8444408879883,"RUA ALCIDES MATIAS CAVALCANTE, N. 48, LOT MARIA DE LOURDES",,"Casa, 0.00 de área total, 70.00 de área privativa, 125.00 de área do terreno, 2 qto(s), WC, 1 sala(s), cozinha, Terraco.",45336.01,65000.0,30.26,Venda Direta Online,Ver foto,PENAFORTE,CE,2021-08-04 00:14:30.752494
8444408895048,"RUA FRANCISCO DE ASSIS DANTA, N. 80",,"Casa, 0.00 de área total, 69.62 de área privativa, 100.82 de área do terreno, 2 qto(s), a.serv, WC, 1 sala(s), cozinha, 1 vaga(s) de garagem.",41369.11,73000.0,43.33,Venda Direta Online,Ver foto,PENAFORTE,CE,2021-08-04 00:14:30.752494
8444408900882,"R DAVID LEITE PAINCO, N. 52",,"Casa, 0.00 de área total, 68.09 de área privativa, 94.05 de área do terreno, 2 qto(s), a.serv, WC, 1 sala(s), cozinha.",39669.01,70000.0,43.33,Venda Direta Online,Ver foto,PENAFORTE,CE,2021-08-04 00:14:30.752494
8444408926490,"R DAVID LEITE PIANCO, N. 00064, CASA",,"Casa, 0.00 de área total, 69.40 de área privativa, 87.50 de área do terreno, 2 qto(s), varanda, a.serv, WC, 1 sala(s), cozinha.",42924.02,77452.2,44.58,Venda Direta Online,Ver foto,PENAFORTE,CE,2021-08-04 00:14:30.752494
8444409021696,"R JOAO JOSE GOMES, N. 15",,"Casa, 0.00 de área total, 65.00 de área privativa, 80.00 de área do terreno, 2 qto(s), a.serv, WC, 1 sala(s), cozinha, 1 vaga(s) de garagem.",38794.0,70000.0,44.58,Venda Direta Online,Ver foto,PENAFORTE,CE,2021-08-04 00:14:30.752494
8444409022536,"RUA JOAO JOSE GOMES, N. 19",,"Casa, 0.00 de área total, 65.00 de área privativa, 80.00 de área do terreno, 2 qto(s), a.serv, WC, 1 sala(s), cozinha.",33252.01,60000.0,44.58,Venda Direta Online,Ver foto,PENAFORTE,CE,2021-08-04 00:14:30.752494
8444409046001,"RUA DAVID LEITE PIANCÓ, N. 72",,"Casa, 0.00 de área total, 67.00 de área privativa, 91.65 de área do terreno, 2 qto(s), a.serv, WC, 1 sala(s), cozinha, Terraco.",39902.4,72000.0,44.58,Venda Online,Ver foto,PENAFORTE,CE,2021-08-04 00:14:30.752494
8444409066681,"R PROF FRANCISCA FERREIRA ROCHA, N. 630, QD A",,"Casa, 0.00 de área total, 69.80 de área privativa, 95.00 de área do terreno, 2 qto(s), varanda, a.serv, WC, 1 sala(s), cozinha.",37131.4,67000.0,44.58,Venda Direta Online,,PENAFORTE,CE,2021-08-04 00:14:30.752494
8444409112225,"AV ANTONIO MATIAS LEITE, N. 1825",,"Casa, 0.00 de área total, 94.50 de área privativa, 0.00 de área do terreno, 2 qto(s), WC, 1 sala(s), sacada, cozinha, 1 vaga(s) de garagem.",54311.6,98000.0,44.58,Venda Direta Online,Ver foto,PENAFORTE,CE,2021-08-04 00:14:30.752494
8444409255395,"R JOSE DE BARROS SOBRINHO, N. 116",,"Casa, 0.00 de área total, 69.50 de área privativa, 107.00 de área do terreno, 1 qto(s), varanda, a.serv, 1 suite(s), WC, 1 sala(s), cozinha.",38239.81,69000.0,44.58,Venda Direta Online,Ver foto,PENAFORTE,CE,2021-08-04 00:14:30.752494
8444409377822,"R AGAILDES SAMPAIO GONDIM, N. 133",,"Casa, 0.00 de área total, 69.90 de área privativa, 91.20 de área do terreno, 2 qto(s), a.serv, WC, 1 sala(s), cozinha.",39348.2,71000.0,44.58,Venda Direta Online,Ver foto,PENAFORTE,CE,2021-08-04 00:14:30.752494
8444409410960,"R JOSIVALDO MATIAS LEITE, N. 52",CENTRO,"Casa, 0.00 de área total, 76.24 de área privativa, 120.00 de área do terreno, 3 qto(s), varanda, a.serv, WC, 1 sala(s), cozinha, Terraco.",44336.0,80000.0,44.58,Venda Direta Online,Ver foto,PENAFORTE,CE,2021-08-04 00:14:30.752494
8444409420698,"RUA JOSE BASILIO DE SOUSA, N. 240",,"Casa, 0.00 de área total, 84.36 de área privativa, 0.00 de área do terreno, 2 qto(s), a.serv, WC, 1 sala(s), cozinha, 1 vaga(s) de garagem.",38794.0,70000.0,44.58,Venda Direta Online,Ver foto,PENAFORTE,CE,2021-08-04 00:14:30.752494
8444409453219,"R AGAILDES SAMPAIO GONDIM, N. 125",,"Casa, 0.00 de área total, 68.80 de área privativa, 91.20 de área do terreno, 2 qto(s), a.serv, WC, 1 sala(s), cozinha.",41010.8,74000.0,44.58,Venda Direta Online,Ver foto,PENAFORTE,CE,2021-08-04 00:14:30.752494
8444409486761,"RUA JOSE BASILIO DE SOUSA, N. 229",,"Casa, 0.00 de área total, 83.89 de área privativa, 122.10 de área do terreno, 2 qto(s), a.serv, WC, 1 sala(s), cozinha.",38073.55,68700.0,44.58,Venda Direta Online,Ver foto,PENAFORTE,CE,2021-08-04 00:14:30.752494
8444409489485,"RUA JOSÉ BASÍLIO DE SOUSA, N. 225",,"Casa, 0.00 de área total, 83.89 de área privativa, 119.55 de área do terreno, 2 qto(s), a.serv, WC, 1 sala(s), cozinha, Terraco.",40420.01,73380.0,44.92,Venda Direta Online,Ver foto,PENAFORTE,CE,2021-08-04 00:14:30.752494
8444409504565,"R DAVID LEITE PIANCÓ, N. 60",,"Casa, 66.38 de área total, 0.00 de área privativa, 84.23 de área do terreno, 2 qto(s), a.serv, WC, 1 sala(s), cozinha.",27710.0,50000.0,44.58,Venda Direta Online,Ver foto,PENAFORTE,CE,2021-08-04 00:14:30.752494
8444409535983,"RUA JOSÉ BASÍLIO DE SOUSA, N. 232",,"Casa, 0.00 de área total, 83.04 de área privativa, 130.50 de área do terreno, 2 qto(s), varanda, a.serv, WC, 1 sala(s), cozinha, Terraco, 1 vaga(s) de garagem.",44336.0,80000.0,44.58,Venda Direta Online,Ver foto,PENAFORTE,CE,2021-08-04 00:14:30.752494
8444409653323,"RUA SAO JOSE, N. 73",,"Casa, 0.00 de área total, 63.15 de área privativa, 93.28 de área do terreno, 2 qto(s), a.serv, WC, 2 sala(s), cozinha.",27155.81,49000.0,44.58,Venda Direta Online,Ver foto,PENAFORTE,CE,2021-08-04 00:14:30.752494
8444409663574,"AV MARIA MERIVANIA FERREIRA SAMPAIO, N. 640",,"Casa, 0.00 de área total, 95.45 de área privativa, 137.61 de área do terreno, 3 qto(s), varanda, a.serv, WC, 1 sala(s), cozinha, 1 vaga(s) de garagem.",44336.0,80000.0,44.58,Venda Direta Online,Ver foto,PENAFORTE,CE,2021-08-04 00:14:30.752494
8444409701395,"R JOSIVALDO MATIAS LEITE, N. 89",CENTRO,"Casa, 0.00 de área total, 69.75 de área privativa, 99.00 de área do terreno, 2 qto(s), a.serv, WC, 1 sala(s), cozinha.",48769.61,88000.0,44.58,Venda Direta Online,Ver foto,PENAFORTE,CE,2021-08-04 00:14:30.752494
8444409702693,"R JOSIVALDO MATIAS LEITE, N. 00085",CENTRO,"Casa, 0.00 de área total, 62.89 de área privativa, 84.15 de área do terreno, 2 qto(s), a.serv, WC, 1 sala(s).",37408.42,67499.83,44.58,Venda Direta Online,Ver foto,PENAFORTE,CE,2021-08-04 00:14:30.752494
8444409740625,"RUA JOSIVALDO MATIAS LEITE, N. 586",CENTRO,"Casa, 0.00 de área total, 62.52 de área privativa, 85.05 de área do terreno, 2 qto(s), a.serv, WC, 1 sala(s), cozinha.",27710.01,50000.0,44.58,Venda Direta Online,Ver foto,PENAFORTE,CE,2021-08-04 00:14:30.752494
8444409777634,"R DAVI LEITE PIANCO, N. 89",,"Casa, 0.00 de área total, 68.97 de área privativa, 99.41 de área do terreno, 2 qto(s), varanda, a.serv, WC, 1 sala(s), cozinha.",41565.0,75000.0,44.58,Venda Direta Online,Ver foto,PENAFORTE,CE,2021-08-04 00:14:30.752494
8444409780970,"RUA DAVID LEITE PIANCÓ, N. 56",,"Casa, 0.00 de área total, 62.23 de área privativa, 85.50 de área do terreno, 2 qto(s), varanda, a.serv, WC, 1 sala(s), cozinha.",38794.01,70000.0,44.58,Venda Direta Online,Ver foto,PENAFORTE,CE,2021-08-04 00:14:30.752494
8444409992802,"R JOSIVALDO MATIAS LEITE, N. 93",CENTRO,"Casa, 0.00 de área total, 69.75 de área privativa, 125.40 de área do terreno, 2 qto(s), a.serv, WC, 1 sala(s), cozinha.",49878.01,90000.0,44.58,Venda Direta Online,Ver foto,PENAFORTE,CE,2021-08-04 00:14:30.752494
8444410068234,"RUA JOSÉ BASÍLIO DE SOUSA, N. 224",,"Casa, 63.95 de área total, 63.95 de área privativa, 126.50 de área do terreno, 2 qto(s), a.serv, WC, 1 sala(s), cozinha, 1 vaga(s) de garagem.",7950.0,53000.0,85.0,Venda Direta Online,Ver foto,PENAFORTE,CE,2021-08-04 00:14:30.752494
8444410075044,"R ANTONIO ALVES FERREIRA, N. 256",,"Casa, 0.00 de área total, 68.69 de área privativa, 120.00 de área do terreno, 2 qto(s), WC, 1 sala(s), cozinha.",41565.0,75000.0,44.58,Venda Direta Online,Ver foto,PENAFORTE,CE,2021-08-04 00:14:30.752494
8444410167054,"RUA ANTONIO ALVES FERREIRA, N. 252",,"Casa, 120.00 de área total, 68.91 de área privativa, 120.00 de área do terreno, 2 qto(s), varanda, a.serv, WC, 1 sala(s), cozinha.",36023.0,65000.0,44.58,Venda Direta Online,Ver foto,PENAFORTE,CE,2021-08-04 00:14:30.752494
8444410167232,"RUA DAVID LEITE PIANCO, N. 77",,"Casa, 0.00 de área total, 69.51 de área privativa, 129.30 de área do terreno, 2 qto(s), WC, 1 sala(s), cozinha.",35330.26,63750.0,44.58,Venda Direta Online,Ver foto,PENAFORTE,CE,2021-08-04 00:14:30.752494
8444410167607,"R JOSÉ BASÍLIO DE SOUZA, N. 228",,"Casa, 0.00 de área total, 69.94 de área privativa, 120.50 de área do terreno, 3 qto(s), a.serv, WC, 1 sala(s), cozinha.",41565.0,75000.0,44.58,Venda Direta Online,Ver foto,PENAFORTE,CE,2021-08-04 00:14:30.752494
8444410202364,"R FATIMA REGINA, N. 00048",CENTRO,"Casa, 0.00 de área total, 95.60 de área privativa, 150.00 de área do terreno, 1 qto(s), varanda, a.serv, 1 suite(s), WC, 1 sala(s), cozinha.",49878.01,90000.0,44.58,Venda Direta Online,Ver foto,PENAFORTE,CE,2021-08-04 00:14:30.752494
8444410208532,"RUA MANOEL TORQUATO DA SILVA, N. 101",,"Casa, 0.00 de área total, 69.95 de área privativa, 100.70 de área do terreno, 2 qto(s), a.serv, WC, 1 sala(s), cozinha.",34360.4,62000.0,44.58,Venda Online,Ver foto,PENAFORTE,CE,2021-08-04 00:14:30.752494
8444410210863,"RUA DAVID LEITE PIANCO, N. 85",,"Casa, 0.00 de área total, 69.96 de área privativa, 0.00 de área do terreno, 3 qto(s), a.serv, WC, 1 sala(s), cozinha, 1 vaga(s) de garagem.",41565.0,75000.0,44.58,Venda Direta Online,Ver foto,PENAFORTE,CE,2021-08-04 00:14:30.752494
8444410215148,"RUA MANOEL TORQUATO DA SILVA, N. 105",,"Casa, 0.00 de área total, 69.91 de área privativa, 0.00 de área do terreno, 2 qto(s), WC, 1 sala(s), cozinha, 1 vaga(s) de garagem.",34002.0,60000.0,43.33,Venda Direta Online,Ver foto,PENAFORTE,CE,2021-08-04 00:14:30.752494
8444410236250,"RUA ANTONIO ALVES FERREIRA, N. 232, UNIDADE 01",,"Casa, 0.00 de área total, 66.49 de área privativa, 125.60 de área do terreno, 2 qto(s), varanda, a.serv, WC, 1 sala(s), cozinha, Terraco.",38794.0,70000.0,44.58,Venda Direta Online,Ver foto,PENAFORTE,CE,2021-08-04 00:14:30.752494
8444410370410,"R MANOEL TORQUATO DA SILVA, N. 144",,"Casa, 0.00 de área total, 69.40 de área privativa, 126.50 de área do terreno, 3 qto(s), varanda, a.serv, WC, 1 sala(s), cozinha.",42119.2,76000.0,44.58,Venda Direta Online,Ver foto,PENAFORTE,CE,2021-08-04 00:14:30.752494
8444410370879,"RUA MANOEL TORQUATO DA SILVA, N. 152",,"Casa, 0.00 de área total, 69.95 de área privativa, 126.50 de área do terreno, 3 qto(s), varanda, a.serv, WC, 1 sala(s), cozinha, Terraco.",41565.0,75000.0,44.58,Venda Direta Online,Ver foto,PENAFORTE,CE,2021-08-04 00:14:30.752494
8444410371476,"R JOSÉ BASILIO DE SOUSA, N. 216",,"Casa, 0.00 de área total, 69.97 de área privativa, 126.50 de área do terreno, 3 qto(s), a.serv, WC, 1 sala(s), cozinha.",45998.6,83000.0,44.58,Venda Direta Online,Ver foto,PENAFORTE,CE,2021-08-04 00:14:30.752494
8444410399672,"RUA ANTONIO ALVES FERREIRA, N. 224",,"Casa, 0.00 de área total, 64.06 de área privativa, 125.00 de área do terreno, 2 qto(s), WC, 1 sala(s), cozinha, 1 vaga(s) de garagem.",34471.24,62200.0,44.58,Venda Direta Online,Ver foto,PENAFORTE,CE,2021-08-04 00:14:30.752494
8444410455599,"RUA JOSÉ BASÍLIO DE SOUSA, N. 220, Apto 001",,"Casa, 0.00 de área total, 69.98 de área privativa, 126.50 de área do terreno, 3 qto(s), a.serv, WC, 1 sala(s), cozinha, Terraco.",37685.6,68000.0,44.58,Venda Direta Online,Ver foto,PENAFORTE,CE,2021-08-04 00:14:30.752494
8444410470547,"RUA ANTONIO ALVES FERREIRA, N. 228, BAIRRO PADRE CICERO",,"Casa, 0.00 de área total, 63.77 de área privativa, 125.00 de área do terreno, 2 qto(s), WC, 1 sala(s), cozinha, 1 vaga(s) de garagem.",43227.6,78000.0,44.58,Venda Direta Online,,PENAFORTE,CE,2021-08-04 00:14:30.752494
8444410476200,"RUA JOÃO JOSÉ GOMES, N. 30",,"Casa, 0.00 de área total, 65.64 de área privativa, 128.10 de área do terreno, 2 qto(s), varanda, a.serv, WC, 1 sala(s), cozinha, Terraco, 1 vaga(s) de garagem.",38907.46,70204.72,44.58,Venda Direta Online,Ver foto,PENAFORTE,CE,2021-08-04 00:14:30.752494
8444410513491,"RUA JOSE BASILIO DE SOUSA, N. 217",,"Casa, 0.00 de área total, 69.93 de área privativa, 125.63 de área do terreno, 2 qto(s), a.serv, WC, 1 sala(s), cozinha.",38794.01,70000.0,44.58,Venda Direta Online,Ver foto,PENAFORTE,CE,2021-08-04 00:14:30.752494
8444410640388,"R ANTONIO VENCESLAU GALVÃO, N. 474",,"Casa, 0.00 de área total, 66.45 de área privativa, 125.00 de área do terreno, 2 qto(s), a.serv, WC, 1 sala(s), cozinha.",10640.64,19200.0,44.58,Venda Direta Online,Ver foto,PENAFORTE,CE,2021-08-04 00:14:30.752494
8444410643263,"RUA MANOEL TORQUATO DA SILVA, N. 148, BAIRRO NOSSA SRA APARECIDA",,"Casa, 0.00 de área total, 69.33 de área privativa, 126.50 de área do terreno, 3 qto(s), varanda, a.serv, WC, 1 sala(s), cozinha, 1 vaga(s) de garagem.",44336.01,80000.0,44.58,Venda Direta Online,,PENAFORTE,CE,2021-08-04 00:14:30.752494
8444410656977,"RUA ANTONIO VENCESLAU GALVÃO, N. 478",,"Casa, 0.00 de área total, 105.22 de área privativa, 130.00 de área do terreno, 1 qto(s), varanda, 1 suite(s), WC, 2 sala(s), cozinha.",54311.6,98000.0,44.58,Venda Direta Online,Ver foto,PENAFORTE,CE,2021-08-04 00:14:30.752494
8444410682676,"RUA ANTONIO VENCESLAU GALVÃO, N. 487, BAIRRO NOSSA SRA APARECIDA",,"Casa, 0.00 de área total, 69.90 de área privativa, 125.05 de área do terreno, 3 qto(s), varanda, a.serv, WC, 1 sala(s), cozinha, 1 vaga(s) de garagem.",41454.15,74799.99,44.59,Venda Direta Online,Ver foto,PENAFORTE,CE,2021-08-04 00:14:30.752494
8444410747689,"R LUIZ PEREIRA DE CARVALHO, N. 00090, CASA",,"Casa, 0.00 de área total, 86.89 de área privativa, 125.40 de área do terreno, 1 qto(s), varanda, a.serv, 1 suite(s), WC, 1 sala(s), cozinha.",52649.01,95000.0,44.58,Venda Direta Online,Ver foto,PENAFORTE,CE,2021-08-04 00:14:30.752494
8444410848540,"R ANTONIO ALVES FERREIRA, N. 00131, CASA",,"Casa, 0.00 de área total, 69.79 de área privativa, 127.98 de área do terreno, 1 qto(s), varanda, a.serv, 1 suite(s), WC, 1 sala(s), cozinha.",47107.01,85000.0,44.58,Venda Direta Online,Ver foto,PENAFORTE,CE,2021-08-04 00:14:30.752494
8444410873480,"R MANOEL FERREIRA, N. 27",,"Casa, 0.00 de área total, 69.98 de área privativa, 125.86 de área do terreno, 3 qto(s), a.serv, WC, 1 sala(s), cozinha.",33252.01,60000.0,44.58,Venda Online,Ver foto,PENAFORTE,CE,2021-08-04 00:14:30.752494
8444411080785,"RUA FRANCISCO DE ASSIS DANTAS, N. 64",,"Casa, 0.00 de área total, 76.34 de área privativa, 133.20 de área do terreno, 2 qto(s), a.serv, WC, 1 sala(s), cozinha, Terraco.",44336.0,80000.0,44.58,Venda Direta Online,Ver foto,PENAFORTE,CE,2021-08-04 00:14:30.752494
8444411122860,"RUA MANOEL TORQUATO DA SILVA, N. 93",,"Casa, 0.00 de área total, 69.00 de área privativa, 125.02 de área do terreno, 2 qto(s), varanda, a.serv, WC, 1 sala(s), cozinha, Terraco.",44336.0,80000.0,44.58,Venda Direta Online,Ver foto,PENAFORTE,CE,2021-08-04 00:14:30.752494
8444411123581,"R ANTONIO ALVES FERREIRA, N. 272",,"Casa, 0.00 de área total, 78.78 de área privativa, 126.00 de área do terreno, 2 qto(s), a.serv, WC, 1 sala(s), cozinha.",44336.01,80000.0,44.58,Venda Direta Online,Ver foto,PENAFORTE,CE,2021-08-04 00:14:30.752494
8444411126092,"R MANOEL FERREIRA, N. 23",,"Casa, 0.00 de área total, 69.92 de área privativa, 125.86 de área do terreno, 3 qto(s), a.serv, WC, 1 sala(s), cozinha.",44336.0,80000.0,44.58,Venda Direta Online,Ver foto,PENAFORTE,CE,2021-08-04 00:14:30.752494
8444411336941,"R MANOEL TORQUATO DA SILVA, N. 89",,"Casa, 0.00 de área total, 69.05 de área privativa, 125.02 de área do terreno, 3 qto(s), varanda, a.serv, WC, 1 sala(s), cozinha.",41565.0,75000.0,44.58,Venda Direta Online,Ver foto,PENAFORTE,CE,2021-08-04 00:14:30.752494
8444411429079,"RUA SÃO JOSÉ, N. 69",,"Casa, 0.00 de área total, 69.79 de área privativa, 125.05 de área do terreno, 2 qto(s), a.serv, WC, 1 sala(s), cozinha, Terraco.",39625.3,71500.0,44.58,Venda Direta Online,Ver foto,PENAFORTE,CE,2021-08-04 00:14:30.752494
8444411430239,"R LUIS PEREIRA DE CARVALHO, N. 66",,"Casa, 0.00 de área total, 94.50 de área privativa, 130.55 de área do terreno, 2 qto(s), a.serv, WC, 1 sala(s), cozinha.",49323.8,89000.0,44.58,Venda Direta Online,Ver foto,PENAFORTE,CE,2021-08-04 00:14:30.752494
8444411490029,"RUA LUIS PEREIRA DE CARVALHO, N. 106",,"Casa, 0.00 de área total, 89.22 de área privativa, 125.40 de área do terreno, 3 qto(s), varanda, a.serv, WC, 1 sala(s), cozinha.",47107.01,85000.0,44.58,Venda Direta Online,Ver foto,PENAFORTE,CE,2021-08-04 00:14:30.752494
8444411586220,"R LUIZ PEREIRA DE CARVALHO, N. 62",,"Casa, 0.00 de área total, 95.00 de área privativa, 130.55 de área do terreno, 2 qto(s), a.serv, WC, 1 sala(s), cozinha.",43781.8,79000.0,44.58,Venda Direta Online,Ver foto,PENAFORTE,CE,2021-08-04 00:14:30.752494
8444411615220,"RUA LUIZ PEREIRA DE CARVALHO, N. 58",,"Casa, 0.00 de área total, 96.30 de área privativa, 130.55 de área do terreno, 2 qto(s), a.serv, WC, 1 sala(s), cozinha.",54311.61,98000.0,44.58,Venda Direta Online,Ver foto,PENAFORTE,CE,2021-08-04 00:14:30.752494
8444411650255,"R ANTONIO VENCESLAU GALVÃO, N. 00480, CASA",,"Casa, 0.00 de área total, 69.92 de área privativa, 125.76 de área do terreno, 2 qto(s), varanda, a.serv, 1 suite(s), WC, 1 sala(s), cozinha.",40456.61,73000.0,44.58,Venda Direta Online,Ver foto,PENAFORTE,CE,2021-08-04 00:14:30.752494
8444411652134,"RUA MANOEL FERREIRA, N. 39",,"Casa, 0.00 de área total, 69.97 de área privativa, 0.00 de área do terreno, 3 qto(s), varanda, a.serv, WC, 1 sala(s), cozinha, 1 vaga(s) de garagem.",39902.4,72000.0,44.58,Venda Direta Online,Ver foto,PENAFORTE,CE,2021-08-04 00:14:30.752494
8444412142873,"TV CONSTANCIA PEREIRA DE JESUS, N. 00045, CASA",,"Casa, 0.00 de área total, 70.00 de área privativa, 133.00 de área do terreno, 2 qto(s), varanda, a.serv, WC, 1 sala(s), cozinha.",47107.01,85000.0,44.58,Venda Direta Online,Ver foto,PENAFORTE,CE,2021-08-04 00:14:30.752494
8444412168317,"RUA MANOEL FERREIRA, N. 43",,"Casa, 0.00 de área total, 69.93 de área privativa, 0.00 de área do terreno, 3 qto(s), varanda, a.serv, WC, 1 sala(s), cozinha, 1 vaga(s) de garagem.",41565.0,75000.0,44.58,Venda Direta Online,Ver foto,PENAFORTE,CE,2021-08-04 00:14:30.752494
8444412443202,"RUA CANDIDA PEREIRA FLOR, N. 06",,"Casa, 0.00 de área total, 93.00 de área privativa, 136.50 de área do terreno, 3 qto(s), varanda, a.serv, WC, 1 sala(s), cozinha, Terraco, 1 vaga(s) de garagem.",52649.0,95000.0,44.58,Venda Direta Online,Ver foto,PENAFORTE,CE,2021-08-04 00:14:30.752494
8444412533058,"R JOSIVALDO MATIAS LEITE, N. 68",CENTRO,"Casa, 0.00 de área total, 68.35 de área privativa, 125.00 de área do terreno, 2 qto(s), varanda, a.serv, WC, 1 sala(s), cozinha.",34083.3,61500.0,44.58,Venda Direta Online,Ver foto,PENAFORTE,CE,2021-08-04 00:14:30.752494
8444412547059,"TRAV CONSTÂNCIA PEREIRA DE JESUS, N. 41",,"Casa, 0.00 de área total, 69.55 de área privativa, 133.00 de área do terreno, 2 qto(s), a.serv, WC, 1 sala(s), cozinha, Terraco.",44336.0,80000.0,44.58,Venda Direta Online,Ver foto,PENAFORTE,CE,2021-08-04 00:14:30.752494
8444412578361,"RUA JOSINA ANGELO, N. 26",CENTRO,"Casa, 0.00 de área total, 97.50 de área privativa, 126.00 de área do terreno, 3 qto(s), varanda, a.serv, WC, 1 sala(s), cozinha, 1 vaga(s) de garagem.",42119.21,76000.0,44.58,Venda Direta Online,Ver foto,PENAFORTE,CE,2021-08-04 00:14:30.752494
8444412726506,"RUA ANTONIO VENCESLAU GALVÃO, N. 209",,"Casa, 0.00 de área total, 69.08 de área privativa, 125.00 de área do terreno, 2 qto(s), varanda, a.serv, WC, 1 sala(s), cozinha.",43781.8,79000.0,44.58,Venda Direta Online,Ver foto,PENAFORTE,CE,2021-08-04 00:14:30.752494
8444412792282,"RUA ANTONIO VIEIRA LEITE, N. 54, BAIRRO PADRE CICERO",,"Casa, 0.00 de área total, 69.80 de área privativa, 127.80 de área do terreno, 2 qto(s), a.serv, WC, 1 sala(s), cozinha, 1 vaga(s) de garagem.",41565.0,75000.0,44.58,Venda Direta Online,Ver foto,PENAFORTE,CE,2021-08-04 00:14:30.752494
8444412796873,"RUA ANTONIO VENCESLAU GALVÃO, N. 448, BAIRRO NOSSA SENHORA APARECIDA",,"Casa, 0.00 de área total, 89.69 de área privativa, 137.35 de área do terreno, 3 qto(s), varanda, a.serv, WC, 1 sala(s), cozinha, 1 vaga(s) de garagem.",39902.41,72000.0,44.58,Venda Direta Online,,PENAFORTE,CE,2021-08-04 00:14:30.752494
8444412883601,"RUA ROMÃO BEM SAMPAIO, N. 892",,"Casa, 0.00 de área total, 84.14 de área privativa, 130.18 de área do terreno, 2 qto(s), varanda, a.serv, WC, 1 sala(s), cozinha, Terraco.",49878.0,90000.0,44.58,Venda Direta Online,Ver foto,PENAFORTE,CE,2021-08-04 00:14:30.752494
8444412898994,"RUA MANOEL TORQUATO DA SILVA, N. 149",,"Casa, 0.00 de área total, 68.91 de área privativa, 125.00 de área do terreno, 2 qto(s), varanda, a.serv, WC, 1 sala(s), cozinha.",47107.0,85000.0,44.58,Venda Direta Online,Ver foto,PENAFORTE,CE,2021-08-04 00:14:30.752494
8444412912601,"R MANOEL FERREIRA, N. 00047, CASA",,"Casa, 0.00 de área total, 69.90 de área privativa, 126.50 de área do terreno, 2 qto(s), varanda, a.serv, 1 suite(s), WC, 1 sala(s), cozinha.",47107.01,85000.0,44.58,Venda Direta Online,Ver foto,PENAFORTE,CE,2021-08-04 00:14:30.752494
8444412913071,"RUA CANDIDA PEREIRA FLOR, N. 21",,"Casa, 0.00 de área total, 84.82 de área privativa, 125.62 de área do terreno, 3 qto(s), varanda, a.serv, WC, 1 sala(s), cozinha.",44336.01,80000.0,44.58,Venda Direta Online,Ver foto,PENAFORTE,CE,2021-08-04 00:14:30.752494
8444412933587,"RUA CANDIDA PEREIRA FLOR, N. 25",,"Casa, 0.00 de área total, 73.00 de área privativa, 125.63 de área do terreno, 3 qto(s), varanda, a.serv, WC, 1 sala(s), cozinha, Terraco.",49878.01,90000.0,44.58,Venda Direta Online,Ver foto,PENAFORTE,CE,2021-08-04 00:14:30.752494
8444412935660,"R ANTONIO ALVES FERREIRA, N. 135",,"Casa, 0.00 de área total, 90.82 de área privativa, 126.00 de área do terreno, 3 qto(s), a.serv, WC, 1 sala(s), cozinha.",49878.0,90000.0,44.58,Venda Direta Online,Ver foto,PENAFORTE,CE,2021-08-04 00:14:30.752494
8444413154441,"TRAVESSA CONSTANCIA PEREIRA DE JESUS, N. 37",CENTRO,"Casa, 0.00 de área total, 70.00 de área privativa, 133.00 de área do terreno, 2 qto(s), varanda, WC, 1 sala(s), cozinha, 1 vaga(s) de garagem.",38794.0,70000.0,44.58,Venda Direta Online,,PENAFORTE,CE,2021-08-04 00:14:30.752494
8444413274404,"R ROMÃO BEM SAMPAIO, N. 820",,"Casa, 0.00 de área total, 69.85 de área privativa, 130.67 de área do terreno, 2 qto(s), varanda, a.serv, WC, 1 sala(s), cozinha.",44336.0,80000.0,44.58,Venda Direta Online,Ver foto,PENAFORTE,CE,2021-08-04 00:14:30.752494
8444413738389,"RUA AGAILDES SAMPAIO GONDIM, N. 149",,"Casa, 0.00 de área total, 69.44 de área privativa, 125.45 de área do terreno, 2 qto(s), a.serv, WC, 1 sala(s), cozinha, Terraco, 1 vaga(s) de garagem.",46552.8,84000.0,44.58,Venda Direta Online,Ver foto,PENAFORTE,CE,2021-08-04 00:14:30.752494
1444403321150,"RUA JUVENAL GONDIM, N. 1047",CENTRO,"Casa, 330.00 de área total, 130.00 de área privativa, 1073.70 de área do terreno, 2 qto(s), varanda, a.serv, WC, 1 sala(s), cozinha.",229500.0,459000.0,50.0,Venda Direta Online,Ver foto,PINDORETAMA,CE,2021-08-04 00:14:30.752494
8444415373272,"Av Paulo Yamazaki (Antiga Av Central), N. 00379, lote 21, quadra 2",CENTRO,"Casa, 150.00 de área total, 92.76 de área privativa, 0.00 de área do terreno, 2 qto(s), varanda, a.serv, 1 suite(s), WC, 1 sala(s), cozinha.",78696.41,137000.0,42.56,Venda Direta Online,Ver foto,PINDORETAMA,CE,2021-08-04 00:14:30.752494
8444416169121,"R MOACIR MACIEL DE SOUSA (ANTIGA RUA 2), N. 00078, QD 22 LT 05",CENTRO,"Casa, 0.00 de área total, 72.10 de área privativa, 125.00 de área do terreno, 2 qto(s), a.serv, WC, 1 sala(s), sacada, cozinha.",58191.01,105000.0,44.58,Venda Direta Online,Ver foto,PINDORETAMA,CE,2021-08-04 00:14:30.752494
1555530478115,"SÍTIO AGRESTINHO, N. S/N",,"Terreno, 0.00 de área total, 99393.93 de área privativa, 99393.93 de área do terreno.",45361.56,70800.0,35.93,Venda Direta Online,Ver foto,PORTEIRAS,CE,2021-08-04 00:14:30.752494
10007668,"ESTRADA DO CONTORNO, N. 1607",COHAB,"Terreno, 0.00 de área total, 0.00 de área privativa, 10000.00 de área do terreno.",478962.0,660000.0,27.43,Venda Direta Online,Ver foto,QUIXADA,CE,2021-08-04 00:14:30.752494
1555527748905,"RUA ELIZEU LELIS DE SOUSA, N. 195",HERVAL,"Comercial, 0.00 de área total, 549.24 de área privativa, 1088.34 de área do terreno.",205498.01,370000.0,44.46,Venda Direta Online,Ver foto,QUIXADA,CE,2021-08-04 00:14:30.752494
8444405773120,"R DOS MALMEQUER, N. 00068, CASA 02",,"Casa, 0.00 de área total, 56.00 de área privativa, 200.00 de área do terreno.",34914.61,63000.0,44.58,Venda Direta Online,Ver foto,QUIXERAMOBIM,CE,2021-08-04 00:14:30.752494
8444409178757,"RUA FRANCISCO PEREIRA DE ARAÚJO, N. 43",,"Casa, 0.00 de área total, 91.67 de área privativa, 126.17 de área do terreno, 1 qto(s), varanda, a.serv, 1 suite(s), WC, 1 sala(s), cozinha.",55420.0,100000.0,44.58,Venda Direta Online,Ver foto,QUIXERAMOBIM,CE,2021-08-04 00:14:30.752494
8444409847217,"RUA DAS HORTÊNCIAS, N. 163, QD21 LT11 UNID 02",,"Casa, 0.00 de área total, 84.00 de área privativa, 200.00 de área do terreno, 1 qto(s), varanda, a.serv, 1 suite(s), WC, 1 sala(s), cozinha.",55420.0,100000.0,44.58,Venda Direta Online,Ver foto,QUIXERAMOBIM,CE,2021-08-04 00:14:30.752494
8444409972852,"RUA DAS HORTÊNCIAS, N. 163, CS 01",,"Casa, 0.00 de área total, 84.00 de área privativa, 200.00 de área do terreno, varanda, a.serv, 2 suite(s), 1 sala(s), cozinha.",59853.6,108000.0,44.58,Venda Direta Online,Ver foto,QUIXERAMOBIM,CE,2021-08-04 00:14:30.752494
8444412206880,"RUA DAS HORTENCIAS, N. 175, CASA 01",,"Casa, 0.00 de área total, 82.80 de área privativa, 200.00 de área do terreno, 2 qto(s), a.serv, WC, 1 sala(s), sacada, cozinha.",52649.01,95000.0,44.58,Venda Direta Online,Ver foto,QUIXERAMOBIM,CE,2021-08-04 00:14:30.752494
1555535853577,"R ANTÔNIO CRISÓSTOMO DA SILVA, N. 837, QD 03 LT 02 - LOT MEIRELES 2a. ETAPA",,"Comercial, 0.00 de área total, 99.89 de área privativa, 118.00 de área do terreno.",77756.01,140000.0,44.46,Venda Direta Online,Ver foto,RUSSAS,CE,2021-08-04 00:14:30.752494
10005144,"R INACIO CESARIO, UNIDADE 12",,"Terreno, 0.00 de área total, 0.00 de área privativa, 402.00 de área do terreno.",92889.6,128000.0,27.43,Venda Direta Online,,SAO GONCALO DO AMARANTE,CE,2021-08-04 00:14:30.752494
18241,"RUA 109 - LOTEAMENTO NOVA TIMBAUBA, N. S/N, LT 21 A LT 25 QD 44",,"Terreno, 0.00 de área total, 0.00 de área privativa, 1250.00 de área do terreno.",50799.01,70000.0,27.43,Venda Direta Online,,SAO LUIS DO CURU,CE,2021-08-04 00:14:30.752494
8444404174222,"RUA ESTACAO INVERNO, N. 82, QD 09 LT 06 LOT QUATRO ESTAÇÕES",,"Casa, 0.00 de área total, 55.00 de área privativa, 175.00 de área do terreno, 2 qto(s), a.serv, WC, 1 sala(s), sacada, cozinha.",49878.01,90000.0,44.58,Venda Direta Online,Ver foto,SAO LUIS DO CURU,CE,2021-08-04 00:14:30.752494
10004615,"RUA ERLANIO DE PAULO GOMES (RUA CINCO), N. 100, LOT VILLAGE BETÂNIA",JERONIMO DE MEDEIROS PRADO,"Casa, 0.00 de área total, 59.89 de área privativa, 363.00 de área do terreno, 1 qto(s), varanda, a.serv, WC, 1 sala(s), cozinha.",91438.2,126000.0,27.43,Venda Direta Online,Ver foto,SOBRAL,CE,2021-08-04 00:14:30.752494
10004616,"RUA ERLANIO DE PAULO GOMES (RUA CINCO), N. 102, LOT VILLAGE BETÂNIA",JERONIMO DE MEDEIROS PRADO,"Casa, 0.00 de área total, 59.89 de área privativa, 363.00 de área do terreno, 1 qto(s), varanda, a.serv, WC, 1 sala(s), cozinha.",97969.5,135000.0,27.43,Venda Direta Online,Ver foto,SOBRAL,CE,2021-08-04 00:14:30.752494
10004617,"RUA ERLANIO DE PAULO GOMES (RUA CINCO), N. 104, LOT VILLAGE BETÂNIA",JERONIMO DE MEDEIROS PRADO,"Casa, 0.00 de área total, 59.89 de área privativa, 363.00 de área do terreno, 1 qto(s), varanda, a.serv, WC, 1 sala(s), cozinha.",89885.27,123860.1,27.44,Venda Direta Online,Ver foto,SOBRAL,CE,2021-08-04 00:14:30.752494
10004619,"RUA ERLANIO DE PAULO GOMES (RUA CINCO), N. 106, LOT VILLAGE BETÂNIA",JERONIMO DE MEDEIROS PRADO,"Casa, 0.00 de área total, 59.89 de área privativa, 363.00 de área do terreno, 1 qto(s), varanda, a.serv, WC, 1 sala(s), cozinha.",92889.6,128000.0,27.43,Venda Direta Online,,SOBRAL,CE,2021-08-04 00:14:30.752494
10004620,"RUA ERLANIO DE PAULO GOMES (RUA CINCO), N. 108, LOT VILLAGE BETÂNIA",JERONIMO DE MEDEIROS PRADO,"Casa, 0.00 de área total, 59.89 de área privativa, 363.00 de área do terreno, 1 qto(s), varanda, a.serv, WC, 1 sala(s), cozinha.",91438.2,126000.0,27.43,Venda Direta Online,Ver foto,SOBRAL,CE,2021-08-04 00:14:30.752494
10004621,"RUA ERLANIO DE PAULO GOMES (RUA CINCO), N. 110, LOT VILLAGE BETÂNIA",JERONIMO DE MEDEIROS PRADO,"Casa, 0.00 de área total, 59.89 de área privativa, 363.00 de área do terreno, 1 qto(s), varanda, a.serv, WC, 1 sala(s), cozinha.",94341.0,130000.0,27.43,Venda Direta Online,Ver foto,SOBRAL,CE,2021-08-04 00:14:30.752494
10004622,"RUA ERLANIO DE PAULO GOMES (RUA CINCO), N. 1226",JERONIMO DE MEDEIROS PRADO,"Casa, 0.00 de área total, 149.08 de área privativa, 363.00 de área do terreno, 3 qto(s), varanda, a.serv, 1 suite(s), WC, 1 sala(s), cozinha.",253995.0,350000.0,27.43,Venda Direta Online,Ver foto,SOBRAL,CE,2021-08-04 00:14:30.752494
1444408387214,"FRANCISCO EUCLIDES DA PONTE, N. 160",RENATO PARENTE,"Casa, 0.00 de área total, 115.87 de área privativa, 211.25 de área do terreno, 3 qto(s), varanda, WC, 1 sala(s), cozinha.",171190.0,265000.0,35.4,Venda Direta Online,Ver foto,SOBRAL,CE,2021-08-04 00:14:30.752494
1444409043101,"R JOÃO XXIII (ANTIGA RUA 15), N. 1104, ANTIGO BAIRRO DOMINGOS OLÍMPIO",PADRE IBIAPINA,"Casa, 0.00 de área total, 168.79 de área privativa, 301.60 de área do terreno, 3 qto(s), a.serv, WC, 1 sala(s), sacada, cozinha.",190043.33,350000.0,45.71,Venda Direta Online,Ver foto,SOBRAL,CE,2021-08-04 00:14:30.752494
8444408941970,"RUA ALCIDES FLOR, N. 1341",CENTRO,"Casa, 0.00 de área total, 71.80 de área privativa, 156.25 de área do terreno, 1 qto(s), a.serv, 1 suite(s), WC, 1 sala(s), sacada, cozinha.",50432.2,91000.0,44.58,Venda Direta Online,Ver foto,TABULEIRO DO NORTE,CE,2021-08-04 00:14:30.752494
10001961,"R ANA ARAUJO RIBEIRO, N. 08",CENTRO,"Comercial, 318.25 de área total, 318.25 de área privativa, 318.25 de área do terreno, WC.",190000.0,380000.0,50.0,Venda Direta Online,Ver foto,TAMBORIL,CE,2021-08-04 00:14:30.752494
1444406890512,"R JULIETA ALVES TIMBO, N. 780, ALTOS",,"Casa, 0.00 de área total, 238.39 de área privativa, 380.62 de área do terreno, 3 qto(s), varanda, WC, 2 sala(s), cozinha, 1 vaga(s) de garagem.",142120.0,220000.0,35.4,Venda Direta Online,Ver foto,TAMBORIL,CE,2021-08-04 00:14:30.752494
8074700006734,"RUA DONA JULIETA ALVES TIMBÓ, N. 780",,"Casa, 0.00 de área total, 137.24 de área privativa, 137.24 de área do terreno.",85250.0,155000.0,45.0,Venda Direta Online,Ver foto,TAMBORIL,CE,2021-08-04 00:14:30.752494
8444401737145,"RUA H, N. S/N, CASA 281",,"Casa, 0.00 de área total, 109.89 de área privativa, 166.50 de área do terreno, 1 qto(s), varanda, a.serv, 1 suite(s), WC, 1 sala(s), cozinha.",62070.41,112000.0,44.58,Venda Direta Online,Ver foto,TAUA,CE,2021-08-04 00:14:30.752494
1444407270615,"R JOSÉ ANDRADE DE SOUSA, N. S/N",CENTRO,"Casa, 0.00 de área total, 168.82 de área privativa, 295.00 de área do terreno, 9 qto(s), varanda, WC.",55300.0,158000.0,65.0,Venda Direta Online,Ver foto,TEJUCUOCA,CE,2021-08-04 00:14:30.752494
1444406086683,"TRAVESSA MIGUEL LOPES, N. 72",,"Casa, 0.00 de área total, 79.02 de área privativa, 223.44 de área do terreno, 2 qto(s), a.serv, WC, 1 sala(s), sacada, cozinha.",104029.8,141000.0,26.22,Venda Direta Online,Ver foto,TRAIRI,CE,2021-08-04 00:14:30.752494
1444406776345,"RUA TRAVESSA MIGUEL LOPES, N. 20",,"Casa, 0.00 de área total, 79.02 de área privativa, 226.80 de área do terreno, 1 qto(s), varanda, a.serv, 1 suite(s), WC, 1 sala(s), cozinha, 1 vaga(s) de garagem.",83980.0,130000.0,35.4,Venda Direta Online,Ver foto,TRAIRI,CE,2021-08-04 00:14:30.752494
8444411085612,"RUA ESTAÇÃO PRIMAVERA, N. 261 B, QD 06 LT 05",,"Casa, 0.00 de área total, 65.00 de área privativa, 0.00 de área do terreno.",44336.01,80000.0,44.58,Venda Direta Online,Ver foto,UMIRIM,CE,2021-08-04 00:14:30.752494
